jaaaaaaaren	járen
veeeeeeel	véél
zooooooo	zó
heeeeeeele	héle
heeeeeeerlijk	héérlijk
Neeeeeee	Néé
Zooooooo	Zó
earning	inkomen
flexiewoorden	flexies
maaaaaaar	máár
happie	gelukkig
oooooooh	óh
Koror	Melekeok
noooooooit	nóóit
seaports	zeehavens
heeeeeeel	héél
readership	relatie
seaport	zeehaven
belanghouders	belanghebbenden
Jaaaaaaa	Já
Heeeeeeel	Héél
neeeeeee	néé
zeeeeeeer	zéér
happier	gelukkiger
Maaaaaar	Máár
Zoooooo	Zó
zaaaaaalig	zálig
weaknesses	zwakheden
synth	synthesizer
uuuuuuren	úren
petanquert	petanquespeler
kansonderwijs	tweedekansonderwijs
kostenverslindende	geldverslindende
talkies	walkietalkies
jaaaaaaren	járen
maaaaaanden	máánden
fosdem	FOSDEM
fotografies	foto's
neeeeee	néé
helemaaaaaal	helemáál
jaaaaaa	já
Airship	Luchtschip
Jaaaaaa	Já
votes	stemmen
threesome	trio
kansbeleid	tweedekansbeleid
relationships	relaties
wallonnes	Waals
zeeeeeer	zéér
Kòrsou	Curaçao
kommies	commissaris
nvidia	NVIDIA
Neeeeee	Néé
heeeeeel	héél
Heeeeeel	Héél
veeeeeel	véél
maaaaaar	máár
voices	stemmen
zoooooo	zó
kostenverslindend	geldverslindend
poene	straffe
German	Duits
synths	synthesizers
heeeeeerlijk	héérlijk
heeeeeele	héle
nooooooit	nóóit
Matlab	MATLAB
abusievelijke	abusieve
flexiewoordjes	flexietjes
ambt.	ambtelijk
excuser	verexcuseren
zooooo	zó
flexiewoordje	flexietje
disseminated	gedissemineerd
moooooi	móói
Gelukkiglijk	gelukkig
phoenix	feniks
flagship	vlaggenschip
houdswerkzaamheden	onderhoudswerkzaamheden
Bruxelles	Brussel
nVidia	NVIDIA
UNESCO	Unesco
Hallooooo	Halló
flexiewoord	flexie
verantwoordbaar	verantwoordelijk
Gooooooogle	Google
assenpoes	Assepoester
verantwoordbare	verantwoordelijke
ulcussen	ulcera
attacker	aanvaller
uppie	eentje
scheepslieden	scheepslui
commenters	commentatoren
Nvidia	NVIDIA
fants	fantasieën
vierliter	vierlitermotor
monopolyert	monopolyspeler
koeltoer	cultuur
zaaaaalig	zálig
Palauaans	Paulus
UNICEF	Unicef
zoooooveel	zóveel
noooooit	nóóit
logeerdert	logee
attackers	aanvallers
zeeeeer	zéér
trollende	pestende
mil	miljoen
burokratie	bureaucratie
servieswerk	serviesgoed
ship	tallship
urls	URL's
véééééél	véél
isbn	ISBN
sjieker	chiquer
moederdagkado	moederdagcadeau
koppelstrepen	koppeltekens
kraamkado	kraamcadeau
ZMOK	zmok
kado's	cadeaus
klassediagrammen	klassendiagram
RIAGG	Riagg
kadopapier	cadeaupapier
realiestieser	realistischer
burokratische	bureaucratische
kerstkado	kerstcadeau
febo	FEBO
technieker	technicus
kerstkadootje	kerstcadeautje
dermatologist	dermatoloog
verjaardagskadootje	verjaardagscadeautje
deurs	tweedeurs
jetten	jetskiën
disseminating	disseminerend
kadobonnen	cadeaubonnen
kado	cadeau
kadootje	cadeautje
kleuterleid	kleuterleidster
kados	cadeaus
paswoordgegevens	wachtwoordgegevens
afscheidskado	afscheidscadeau
kerstkadootjes	kerstcadeautjes
vvders	VVD'ers
kadotje	cadeautje
boogywoogy	boogiewoogie
kadobon	cadeaubon
fbook	Facebook
verjaardagskado	verjaardagscadeau
ships	tallships
kiet	quitte
kadotjes	cadeautjes
slotevent	slotevenement
caissie`re	kassière
sjieke	chique
Cites	CITES
Natin	NATIN
kadoo	cadeau
Liège	Luik
kadoos	cadeaus
Hawaiians	Hawaïanen
gelijkheidwaardigheid	gelijkwaardigheid
kluppie	clubje
kadootjes	cadeautjes
vvder	VVD'er
BABS	babs
milieuefficiency	milieuefficiëntie
DVD`s	dvd's
fant	fantasie
passports	paspoorten
koppelstreep	koppelteken
actievieten	activiteiten
mri	MRI
Friendship	Vriendschap
cado	cadeau
beschimperd	beschimpt
nie`t	níét
zééééér	zéér
fotocopy	fotokopie
disseminate	dissemineren
politburo	politbureau
ZZP'ers	zzp'ers
pvv'er	PVV'er
burootje	bureautje
chicque	chic
plugged	plugt
burocratische	bureaucratische
versnellingskes	versnellinkjes
coo	COO
Asus	ASUS
DJ`s	dj's
zodan	zoals
burootjes	bureautjes
ZZP	zzp
berstens	berstensvol
dingske	dingetje
architectenburo	architectenbureau
usb	USB
PDF	pdf
steengrillert	steengrill
ipv	i.p.v.
rozelgel	rozengelei
verantwoordelekheit	verantwoordelijkheid
effici	efficiënt
consultatieburo	consultatiebureau
pastoren	pastoors
pvdaer	PvdA'er
gebant	gebannen
toegejuigd	toegejuicht
uitzendburo	uitzendbureau
Quijote	Quichot
vvd'er	VVD'er
Tsjchinvali	Tsinvali
url's	URL's
talmud	Talmoed
maseuren	masseurs
hìj	hí́ȷ
meerdermalen	meermalen
tekeningskes	tekeningetjes
Aldi	ALDI
PDF's	pdf's
cadootjes	cadeautjes
url	URL
ZZP'er	zzp'er
vvd'ers	VVD'ers
mongeaul	mongool
politieburo	politiebureau
attacks	attaques
burostoel	bureaustoel
tweeëneenhalf	tweeënhalf
kommisje	commissie
jìj	jí́ȷ
incassoburo's	incassobureaus
burlesque	burlesk
Onderzoeklokatie	Onderzoekslocaties
zovéél	zóveel
kangaroo	kangoeroe
zwelde	zwol
stukkend	stukgaand
telefonen	telefoons
Salaì	Salaino
kunstenaren	kunstenaars
vic	VIC
carri	carrière
waarschiklijn	waarschijnlijk
vééééél	véél
voorals	vooralsnog
jop	JOP
reisburo's	reisbureaus
burkah	boerka
stukkende	stukgaande
handelsbarrie`res	handelsbarrière
afdalingskes	afdalinkjes
buro's	bureaus
frankskes	franken
pati	patiënt
carierre	carrière
dingskes	dingetjes
koppie	kop
slachttanden	slagtanden
kangaroos	kangoeroes
surseillance	surseance
sponsorships	sponsorschap
vrijheidsstelling	invrijheidstelling
voorzorgsmaatregelingen	voorzorgsmaatregelen
hemmetjes	hemdjes
zóóóó	zó
strakkies	straks
FTP	ftp
buro	bureau
accomodation	accommodatie
afdalingske	afdalinkje
cariërre	carrière
rsi	RSI
adviesburo	adviesbureau
angstverwekkend	angstwekkend
katastrophe	catastrofe
slachttand	slagtand
reclameburo	reclamebureau
afrees	afreisde
Phoeniciërs	Feniciërs
Febo	FEBO
ivm	i.v.m.
zooo	zó
d`r	haar
zìjn	zí́ȷn
onderzoeksburo	onderzoeksbureau
achterloos	achterlijk
spinnenrag	spinrag
gebrusqueerd	gebruuskeerd
mir	MIR
friendship	vriendschap
wienersnitsel	wienerschnitzel
burocratie	bureaucratie
bulo	BuLO
pie`ces	pièce
LEDjes	ledjes
burocraten	bureaucraten
buros	bureaus
ict	ICT
mìjn	mí́ȷn
pvdaers	PvdA'ers
talmudisten	Talmoedisten
altijdgroenend	altijdgroen
reisburo	reisbureau
burqa	boerka
pvv'ers	PVV'ers
daagskes	dagjes
enqu	enquête
laptoppen	laptops
gemakske	gemak
buroblad	bureaublad
febru	februari
Paluees	Paulus
checkboekje	chequeboekje
burocratisch	bureaucratisch
ict'er	ICT'er
koptelefonen	koptelefoons
uitzendburo's	uitzendbureaus
stemburo	stembureau
t.e.m	t/m
attack	attaque
gewelden	gewelddaden
cadootje	cadeautje
geband	gebannen
mìj	mí́ȷ
wijte	weet
Scandinavian	Scandinavisch
hellingske	hellinkje
ict'ers	ICT'ers
wienersnitsels	wienerschnitzels
arbeidsburo	arbeidsbureau
gejuigd	gejuicht
vvd	VVD
kho	KHO
Phoeniciër	Feniciër
incassoburo	incassobureau
huuske	huisje
premie`re	première
samuraizwaard	samoeraizwaard
d`huez	d'Huez
donateuren	donateurs
stereotiepen	stereotypen
burka	boerka
gosjepietje	gossiepietje
railing	reling
pie`ce	pièce
verwijzigingen	verwijzingen
consierge	conciërge
retraining	hertraining
stukkies	stukjes
be`ta	bèta
gl'ers	GL'ers
voorzicht	voorzichtig
dìe	díé
questie	kwestie
KI	ki
Hadewych	Hadewijch
retrain	hertrain
geerft	geërfd
ze`lf	zélf
luiaarden	luiaards
plekskes	plekjes
communities	community's
tenwiji	terwijl
barri`ere	barrière
muurbeschilderingen	muurschilderingen
monopolypositie	monopoliepositie
zaakske	zaakje
soppie	sopje
gebrepen	begrepen
la`	lá
orchestreren	orkestreren
brugske	brugje
meeladres	mailadres
juigen	juichen
bergske	bergje
waarrempel	warempel
passport	paspoort
europarlementariers	Europarlementariërs
gewordende	wordende
o`	ó
github	GitHub
googelaar	goochelaar
hakkies	hakjes
we`l	wél
hyperuricaemie	hyperurikemie
mòet	móét
genânt	gênant
carrie`res	carrières
snitzel	schnitzel
na`	ná
barri`ereweerstanden	barrièreweerstanden
kerkske	kerkje
pvda'er	PvdA'er
treener	trainer
howdo	houdoe
he`	hè
burkavrouwen	boerkavrouwen
zi	z.i.
Da`t	Dát
houmous	hummus
algorithms	algoritmes
geken	gekeken
Be`ta	Bèta
orchestrale	orkestrale
bankske	bankje
catastrophe	catastrofe
helloween	Halloween
carrie`re	carrière
trener	trainer
landgoeden	landgoederen
cre`ches	crèches
anemieke	Annemieke
uberhaubt	überhaupt
koekske	koekje
gezèt	gézet
de`	dé
ondernemening	onderneming
beroepsexam	beroepsexamen
it	IT
hòe	hóé
burkadraagsters	boerkadraagsters
zéééér	zéér
Poppies	Popjes
genomende	genoemde
TIO	Tio
klupje	clubje
be`taprofielen	bètaprofielen
bakske	bakje
dagske	dagje
Ampe`re	Ampère
herkapitaliseerd	geherkapitaliseerd
samuraiklasse	samoeraiklasse
rugske	rugje
kangaroe	kangoeroe
reflexie	reflectie
zlotie	zloty
lintenbebouwing	lintbebouwing
verwachtigingen	verwachtingen
tragediënnes	tragédiennes
creditcrisis	kredietcrisis
klup	club
ondermeningen	ondernemingen
pé	pee
koerswijzingen	koerswijzigingen
loor	teloor
carrie`reperspectief	carrièreperspectief
genomend	genoemd
hartenkwaliteit	hartkwaliteit
veelbetekend	veelbetekenend
sappie	sapje
burka's	boerka's
da`n	dán
achtneming	inachtneming
geïntregeerd	geïntegreerd
consierges	conciërges
doekske	doekje
truukjes	trucjes
boodschappies	boodschapjes
gaaike	gaaitje
nìets	níéts
truuks	trucs
be`tastudies	bètastudies
broekske	broekje
opleidi	opleiding
We`l	Wél
orchestratie	orkestratie
ploegske	ploegje
wetswijzingen	wetswijzigingen
carameliseren	karamelliseren
e`lke	élke
ruggegraad	ruggengraat
statiebezoek	staatsiebezoek
gevallende	gevallen
oogskes	oogjes
catastrophes	catastrofes
quest	queeste
populatiegevens	populatiegegevens
dalijk	dadelijk
Phytophtora	phytophthora
dutskes	dutjes
potske	potje
plekkies	plekjes
statiefoto	staatsiefoto
cre`che	crèche
carièrre	carrière
onwelwillig	ongewillig
weekskes	weekjes
inflectie	inflexie
handelsattachee	handelsattaché
truukje	trucje
industries	industrieën
ziekskes	ziekjes
keuning	koning
uitwijden	uitweiden
begonde	begon
noodle	noedel
haemorrhagie	hemorragie
erch	erg
armoedepijl	armoedepeil
practicantenregeling	praktikantenregeling
hoekske	hoekje
a.j.b.	ajb.
boekskes	boekjes
zowiezo	sowieso
cafe's	cafés
sex	seks
cre`me	crème
bekkies	bekjes
vryheid	vrijheid
quint	kwint
nìet	níét
bergskes	bergjes
tijl	teil
afgelopende	afgelopen
2cv	2CV
symphatisanten	sympathisanten
carrie`reverloop	carrièreverloop
vooruitstuwen	voortstuwen
be`ta's	bèta's
sexleven	seksleven
succe`s	succés
viruses	virussen
sd	SD
vòòr	vóór
stekske	stekje
lobbies	lobby's
zakske	zakje
glaske	glaasje
inflecties	inflexies
mailingen	mailings
CV	cv
Hawaiian	Hawaïaan
lappie	lapje
belastingsdienst	Belastingdienst
vershuiste	verhuisde
Sponsorship	Sponsorschap
hobbies	hobby's
coupe's	coupés
a`	à
Schottkytunnelbarri`ere	Schottkytunnelbarrière
barrie`rewerking	barrièrewerking
gelezende	gelezen
zloties	zloty's
vd	v.d.
barrie`res	barrières
flectie	flexie
kakske	kakje
kippie	kipje
me`t	mét
reflexies	reflecties
barrie`re	barrière
zakskes	zakjes
duitland	Duitsland
handelsattachees	handelsattachés
servie	Servië
rijkend	reikend
knoppie	knopje
nicol	Nicole
kangaroes	kangoeroes
hèèl	héél
Talmud	Talmoed
vrijheidstelling	invrijheidstelling
attache's	attachés
rijkende	reikende
intestate	intestaat
algorithm	algoritme
droppie	dropje
he`t	hét
grondwetswijzing	grondwetswijziging
version	versie
georchestreerde	georkestreerde
hartenfunctie	hartfunctie
weltruste	welterusten
be`taprofiel	bètaprofiel
Tuva	Toeva
dyslectie	dyslexie
vechtschijding	vechtscheiding
carrie`remogelijkheden	carrièremogelijkheden
mise`re	misère
geörienteerd	georiënteerd
remixing	remixen
e`n	én
vrolijkhijd	vrolijkheid
soeppie	soepje
sponsorship	sponsorschap
zwelden	zwollen
penalties	penalty's
Februarij	februari
provisore	provisoir
hiëroglyfenschrift	hiërogliefenschrift
sp'er	SP'er
limericken	limericks
bezoekske	bezoekje
zóóó	zó
abberant	aberrant
Ijsboereke	IJsboerke
blokskes	blokjes
ja`	já
dur	er
e`cht	écht
proffesionals	professionals
stekskes	stekjes
georchestreerd	georkestreerd
Vòòr	Vóór
keukenkruid	keukenkruiden
barri`ereweerstand	barrièreweerstand
ukkies	ukjes
Natùùrlijk	Natúúrlijk
gedaande	gedane
retrainen	hertrainen
monopoliegeld	monopolygeld
enquette	enquête
ka`n	kán
landtroep	landtroepen
statieportret	staatsieportret
koekskes	koekjes
wetswijzing	wetswijziging
poppies	popjes
ZDNET	ZDNet
laptoppie	laptopje
kaske	kastje
poppie	popje
veelbetekende	veelbetekenende
blokske	blokje
cariëre	carrière
toejuigen	toejuichen
P.S.	PS
dertigersdillema	dertigersdilemma
stijle	steile
ondernemeningen	ondernemingen
dissemination	disseminatie
practicanten	praktikanten
éénzelfde	eenzelfde
companion	compagnon
gèèn	géén
gejuig	gejuich
stokskes	stokjes
e`chte	échte
nix	niks
koppies	koppen
practicant	praktikant
crapule	crapuul
mèèr	méér
òòk	óók
spagettie	spaghetti
geörienteerde	georiënteerde
proppie	propje
marktvertrouw	marktvertrouwen
Gene`ve	Genève
terechtwijzigingen	terechtwijzingen
V.S.	VS
trace's	tracés
buikske	buikje
gebleerd	geblèrd
cliente`le	clientèle
opentaal	OpenTaal
da`t	dát
droppies	dropjes
sp'ers	SP'ers
gevolgende	gevolgen
pakskes	pakjes
juig	juich
lekkerbekkies	lekkerbekjes
praatzaam	spraakzaam
quantum	kwantum
mondelijk	mondeling
stukskes	stukjes
truuk	truc
afschuwlijke	afschuwelijk
daarvòòr	daarvóór
kanaalzwemmert	Kanaalzwemmer
serviers	Serviërs
burkaverbod	boerkaverbod
bobbies	bobby's
cylinidervormig	cilindervormig
moskees	moskeeën
samurai	samoerai
burkavrouw	boerkavrouw
conan	canon
ashkenazische	Asjkenazische
youtube	YouTube
herfststijlloos	herfsttijloos
boekske	boekje
galle	challe
te`	té
wijdser	weidser
pakkies	pakjes
bakskes	bakjes
véééél	véél
be`tavakken	bètavakken
europarlementarier	Europarlementariër
Ijzerenleen	IJzerenleen
plannin	planning
Wordfued	Wordfeud
stelstel	stelsel
genied	geniet
toendertijd	toentertijd
gedesinfecteerdt	gedesinfecteerd
samengesteldt	samengesteld
wèl	wél
honingraden	honingraten
herkenen	herkennen
paralelle	parallelle
gekneedt	gekneed
getilt	getild
beukenootjes	beukennootjes
gesneuvelt	gesneuveld
antiasthmatica	antiastmatica
uitzendbureau's	uitzendbureaus
geschaaft	geschaafd
gestrompeldt	gestrompeld
luske	lusje
uitgehardt	uitgehard
vastgeschroeft	vastgeschroefd
Ijzerkotmolen	IJzerkotmolen
Ijsetrippers	IJsetrippers
buter	Buter
jeugdlogie	jeugdlogies
rijnwater	Rijnwater
overheidsfinancien	overheidsfinanciën
afgesloofdt	afgesloofd
zóóveel	zóveel
truuken	truken
Ijburg	IJburg
burgelijke	burgerlijke
perscorps	perskorps
timon	Timon
onderdrukd	onderdrukt
europarlementariër	Europarlementariër
investeringbeleid	investeringsbeleid
Africa's	Afrika's
uitgezonderdt	uitgezonderd
rens	Rens
Ticketbox	TicketBox
geborstelt	geborsteld
bunde	bundel
opgedroogdt	opgedroogd
klasseverschil	klassenverschil
manoevreert	manoeuvreert
gekleeft	gekleefd
Ijzerstraat	IJzerstraat
getekent	getekend
softwar	software
kreatief	creatief
gewoont	gewoond
geluidgegevens	geluidsgegevens
teruggebelt	teruggebeld
geïsoleert	geïsoleerd
gefotografeert	gefotografeerd
veroorzaakd	veroorzaakt
gebauwdt	gebauwd
gerustgesteldt	gerustgesteld
pors	Pors
pitoreske	pittoreske
vossebes	vossenbes
gestimuleert	gestimuleerd
genudt	genut
geknoeit	geknoeid
menieën	meniën
geleeft	geleefd
diploma`s	diploma's
gedimt	gedimd
gewisselt	gewisseld
gezochd	gezocht
gedansd	gedanst
uitgestrooit	uitgestrooid
CO²	CO₂
taluuds	taluds
genoemdt	genoemd
afgebeelt	afgebeeld
levenbeschouwelijke	levensbeschouwelijke
aboriginals	Aboriginals
peterman	pieterman
arende	arenden
concièrges	conciërges
gehousd	gehoused
slob	slop
porsche	Porsche
mert	met
gedeeldt	gedeeld
uitgegroeit	uitgegroeid
geheit	geheid
gereflecteert	gereflecteerd
gemandt	gemand
paardekastanjes	paardenkastanjes
allerei	allerlei
belangerijkste	belangrijkste
Ijdelheid	IJdelheid
bereit	bereid
gediscussieert	gediscussieerd
gezuivert	gezuiverd
aanbonsen	aanbonzen
Bussummer	Bussumer
gedroogden	gedroogde
aangetoont	aangetoond
genaait	genaaid
koningsdag	Koningsdag
oostenrijk	Oostenrijk
gewaadt	gewaad
terpetijn	terpentijn
vessem	Vessem
doorgespeelt	doorgespeeld
verantwoordelij	verantwoordelijk
frans	Frans
geïdentificeert	geïdentificeerd
judoka`s	judoka's
opgetuigt	opgetuigd
gecentreerdt	gecentreerd
geobserveert	geobserveerd
groepsaccomodatie	groepsaccommodatie
boutste	boudste
Ijsselmeer	IJsselmeer
bezad	bezat
alluminium	aluminium
gekoelt	gekoeld
gerookd	gerookt
gekenmerkd	gekenmerkt
ingeburgert	ingeburgerd
gebroedt	gebroed
aërodynamisch	aerodynamisch
gevierdt	gevierd
geconstrueert	geconstrueerd
opgevoet	opgevoed
aikidoend	aikidoënd
boete's	boetes
gewandelt	gewandeld
gediendt	gediend
gereviseert	gereviseerd
alluminiumfolie	aluminiumfolie
deva	Deva
souveniertjes	souvenirtjes
huiske	huisje
gevraagt	gevraagd
electriciteitsbedrijven	elektriciteitsbedrijven
gecombineert	gecombineerd
planbureau's	planbureaus
uitgespeelt	uitgespeeld
jodenhaat	Jodenhaat
wankelmoter	wankelmotor
schriftplaats	Schriftplaats
slechtse	slechtste
département	departement
quizzes	quizzen
gewichtdelen	gewichtsdelen
catharijne	Catharijne
etherpad	Etherpad
gehoondt	gehoond
geverft	geverfd
getelt	geteld
belgenmoppen	Belgenmoppen
gecontroleert	gecontroleerd
getaped	getapet
zèg	zég
klassepatiënten	klassenpatiënten
caravanserais	karavanserais
gewichtdeel	gewichtsdeel
azaleas	azalea's
burgelijk	burgerlijk
geduurt	geduurd
gesjoemelt	gesjoemeld
bêta	bèta
recruteerde	rekruteerde
ietskes	ietsjes
zègt	zégt
verwoesd	verwoest
lidtekenweefsel	littekenweefsel
zedendeliquenten	zedendelinquenten
gefabriceert	gefabriceerd
geblesseert	geblesseerd
gelimiteerdt	gelimiteerd
ambulanc	ambulance
gestormt	gestormd
fourageren	foerageren
gecastreert	gecastreerd
gevuldt	gevuld
gevult	gevuld
geluit	geluid
gedient	gediend
priv	privé
uitgemoordt	uitgemoord
geadviseert	geadviseerd
bevrijt	bevrijd
spanende	spannende
aantaal	aantal
geklaagt	geklaagd
avondland	Avondland
klassebewustzijn	klassenbewustzijn
reincarneren	reïncarneren
uitgedooft	uitgedoofd
gecodeert	gecodeerd
gekundt	gekund
geroddelt	geroddeld
Ijzermans	IJzermans
gesjouwdt	gesjouwd
gespendeert	gespendeerd
opgeruimdt	opgeruimd
statenvergadering	Statenvergadering
uitgestuurt	uitgestuurd
gezaait	gezaaid
nòch	nóch
Koninginnendag	Koninginnedag
euri's	euro's
verbrant	verbrand
enqueteurs	enquêteurs
getoondt	getoond
monolitisch	monolithisch
geslaagdt	geslaagd
getwijfelt	getwijfeld
boske	bosje
uitgerokken	uitgetrokken
gemolt	gemold
gebundelt	gebundeld
caf	café
geproeft	geproefd
coòrdinatie	coördinatie
uitgedoktert	uitgedokterd
controle's	controles
gesperdt	gesperd
gestyleerde	gestileerde
omgetovert	omgetoverd
toezichtwerkzaamheden	toezichtswerkzaamheden
gecompenseerdt	gecompenseerd
uitgehuwelijkd	uitgehuwelijkt
móet	móét
opgespoort	opgespoord
Timo’s	Timo's
meegerekent	meegerekend
gehanteert	gehanteerd
gespod	gespot
bijvoorbeel	bijvoorbeeld
lokatie	locatie
gebouwdt	gebouwd
gehandeldt	gehandeld
heruitgaves	heruitgaven
knijn	konijn
accupuncturist	acupuncturist
veda	Veda
enqueteformulieren	enquêteformulieren
electriciteitsleverancier	elektriciteitsleverancier
ingevuldt	ingevuld
bureaux	bureaus
cruiseship	cruiseschip
geborduurt	geborduurd
gedoopd	gedoopt
kommissie	commissie
gevoet	gevoed
bedachdt	bedacht
gegooit	gegooid
aëroob	aeroob
maasvlakte	Maasvlakte
verwerkd	verwerkt
vastgelegt	vastgelegd
wardoor	waardoor
ingeruilt	ingeruild
meegestuurt	meegestuurd
politiecorps	politiekorps
bedrijfstroom	bedrijfsstroom
toegezegt	toegezegd
brommert	brommer
mutske	mutsje
bemensd	bemenst
inhaalmanoevre	inhaalmanoeuvre
opgefrisd	opgefrist
smartwatche	smartwatches
geoxideerdt	geoxideerd
volkenbond	Volkenbond
cassière	caissière
geledende	geldende
opgestard	opgestart
gemelt	gemeld
opgesteldt	opgesteld
paralel	parallel
voedingsupplementen	voedingssupplementen
opschoningwerkzaamheden	opschoningswerkzaamheden
getypten	getypte
gecharmeert	gecharmeerd
verbeelt	verbeeld
opgaveformulieren	opgavenformulieren
gedoseert	gedoseerd
judoen	judoën
tòch	tóch
gedachtensprongen	gedachtesprongen
waardenlijst	waardelijst
buls	Buls
recruteert	rekruteert
gemeniriken	gemeneriken
gezint	gezind
opgemerkd	opgemerkt
gezegent	gezegend
teruggestuurt	teruggestuurd
getraindt	getraind
gespeent	gespeend
grenslogie	grenslogies
gebloemt	gebloemd
neergestord	neergestort
jeremiëerde	jeremieerde
prijske	prijsje
gestofzuigt	gestofzuigd
opengescheurdt	opengescheurd
teruggeschroeft	teruggeschroefd
beschermingsniveau's	beschermingsniveaus
getoont	getoond
strafrechterlijke	strafrechtelijke
electra	elektra
geoefent	geoefend
geveilt	geveild
gestrooit	gestrooid
apenootjes	apennootjes
Ijzertoren	IJzertoren
vulcanoloog	vulkanoloog
geruilt	geruild
ingevoegt	ingevoegd
winaars	winnaars
gesitueert	gesitueerd
geveegt	geveegd
antidiscriminatiebureau's	antidiscriminatiebureaus
wìllen	wíllen
sat	dat
elp	Elp
noires	noirs
belastingsbrief	belastingbrief
dese	deze
toegewijdt	toegewijd
hoffmann	Hoffmann
gedooft	gedoofd
gefantaseerdt	gefantaseerd
gemaait	gemaaid
kùnnen	kúnnen
aangespoort	aangespoord
feërieke	feeërieke
beled	belet
type's	types
bristol	Bristol
tergelijkertijd	tegelijkertijd
geprojecteert	geprojecteerd
gerealiseert	gerealiseerd
hindoees	hindoes
chateau's	chateaus
aangesteldt	aangesteld
ànderen	ánderen
klippel	Klippel
genestelt	genesteld
herre	Herre
crême	crème
neude	Neude
vinex	Vinex
elfstedenstad	Elfstedenstad
moslems	moslims
bepleidt	bepleit
coulissenlandschap	coulisselandschap
ingehuurt	ingehuurd
honingraad	honingraat
tentoongespreidt	tentoongespreid
stortlokatie	stortlocatie
caramelliseren	karamelliseren
kantinekommissie	kantinecommissie
manouvres	manoeuvres
wìl	wíl
ekende	bekende
manouvreren	manoeuvreren
gerooit	gerooid
geaccepteert	geaccepteerd
karameliseren	karamelliseren
gebruikd	gebruikt
Edelweis	Edelweiss
camera`s	camera's
gies	Gies
spagetti	spaghetti
vertolkd	vertolkt
verversd	ververst
omd	om
deeltijdsaanstellingen	deeltijdaanstellingen
inderdaat	inderdaad
opgeschroeft	opgeschroefd
opgewaardeert	opgewaardeerd
discjockeys	diskjockeys
gelezend	gelezen
geërgerdt	geërgerd
bureau's	bureaus
koppe	koppen
voorzittert	voorzitter
valent	Valent
gereleased	gereleaset
betrapd	betrapt
gefundeert	gefundeerd
schrijvert	schrijver
geneukdt	geneukt
opgaveverplichting	opgavenverplichting
gezichd	gezicht
gekerft	gekerfd
muziekaal	muzikaal
genuanceert	genuanceerd
aangestuurdt	aangestuurd
moederstaal	moedertaal
wereldhandelsorganisatie	Wereldhandelsorganisatie
zònder	zónder
omgekleedt	omgekleed
jaarlijk	jaarlijks
Ijanuari	januari
gegenereert	gegenereerd
glooing	glooiing
Bijiage	Bijlage
gescheurt	gescheurd
verstandkies	verstandskies
afgehandelt	afgehandeld
deeltijdsfuncties	deeltijdfuncties
geschreidt	geschreid
gehindert	gehinderd
tòt	tót
bonde	blonde
faecaaloccultbloedtest	fecaaloccultbloedtest
afgeschildert	afgeschilderd
gascylinders	gascilinders
vastgelijmdt	vastgelijmd
zòveel	zóveel
afgebouwt	afgebouwd
gemonteerdt	gemonteerd
wereldschaakbond	Wereldschaakbond
opgestelt	opgesteld
sovjetperiode	Sovjetperiode
niveau's	niveaus
invrijheidsstellingen	invrijheidstellingen
weggehaalt	weggehaald
gerekent	gerekend
getoetsd	getoetst
uitgeprobeert	uitgeprobeerd
kangoo	Kangoo
geëindigt	geëindigd
hitlergroet	Hitlergroet
geïnspireert	geïnspireerd
gesubsidieerdt	gesubsidieerd
gesorteert	gesorteerd
dichtgeslibt	dichtgeslibd
deeltijdsaanstelling	deeltijdaanstelling
betablokkers	bètablokkers
bolleman	Bolleman
geïnspecteerdt	geïnspecteerd
gecompenseert	gecompenseerd
baand	baan
Zo`n	Zo'n
paanakker	Paanakker
parallele	parallelle
verblijt	verblijd
karaker	karakter
ontaart	ontaard
gebaseerdt	gebaseerd
weggebrandt	weggebrand
geresolveert	geresolveerd
reddingwerk	reddingswerk
tre	te
afgelevert	afgeleverd
gerechtvaardigt	gerechtvaardigd
nieuwbouwlokaties	nieuwbouwlocaties
radaartje	radartje
gedeklasseerd	gedeclasseerd
lendedoek	lendendoek
goeien	goeden
beantwoort	beantwoord
afgehandeldt	afgehandeld
opgejaagt	opgejaagd
gehonoreert	gehonoreerd
ingeschakeldt	ingeschakeld
subkommissie	subcommissie
geoffert	geofferd
afgespoelt	afgespoeld
veda's	Veda's
rijksvoorlichtingsdienst	Rijksvoorlichtingsdienst
Tunesier	Tunesiër
gezondigt	gezondigd
palestijnen	Palestijnen
visserschip	vissersschip
kamerdebat	Kamerdebat
gefingeerdt	gefingeerd
gevoegdt	gevoegd
practisch	praktisch
slijmvlieirritatie	slijmvliesirritatie
geboort	geboord
geboeit	geboeid
reuzachtig	reusachtig
komputerprogramma	computerprogramma
ìk	ík
geplaagt	geplaagd
aangestelt	aangesteld
50+ers	50+'ers
geindustrialiseerde	geïndustrialiseerde
gefrituurdt	gefrituurd
B&b	B&B
ontblood	ontbloot
gesiert	gesierd
gesoldeerdt	gesoldeerd
opengestelt	opengesteld
opgedeelt	opgedeeld
geüploadt	geüpload
geaccordeerdt	geaccordeerd
werkingsfeer	werkingssfeer
gefocusd	gefocust
hagels	hagel
gestadt	gestat
opgaveformulier	opgavenformulier
geflansd	geflanst
lesies	laesies
koninginnedagen	Koninginnedagen
rijkswaterstaat	Rijkswaterstaat
katastrofaal	catastrofaal
ingegooidt	ingegooid
raadsenquete	raadsenquête
afgehaalt	afgehaald
djogo	dyogo
gezakd	gezakt
turkije	Turkije
studio`s	studio's
gehuurdt	gehuurd
gefilmdt	gefilmd
housde	housede
gestuurt	gestuurd
enquetecommissie	enquêtecommissie
gouds	Gouds
leasie	laesie
meegereist	meegereisd
gezagsvoerders	gezagvoerders
afgeleidt	afgeleid
gefaciliteert	gefaciliteerd
genuttigt	genuttigd
ingehaalt	ingehaald
Ijsselstein	IJsselstein
omgekeerdt	omgekeerd
taxie	taxi
Faceboek	Facebook
verledt	verlet
goeienmiddag	goeiemiddag
popijopie	popiejopie
vledder	Vledder
uitgebaad	uitgebaat
manoevre	manoeuvre
aangelegdt	aangelegd
extra`s	extra's
gerefereert	gerefereerd
gemotiveert	gemotiveerd
ingenieursbureau's	ingenieursbureaus
schoollokaties	schoollocaties
geworstelt	geworsteld
aangescherpd	aangescherpt
vermelt	vermeld
Nù	Nú
smulweb	Smulweb
attaches	attachés
getagt	getagd
60+ers	60+'ers
ingevoerdt	ingevoerd
uitgespeeldt	uitgespeeld
kòn	kón
ruimstestation	ruimtestation
geluidt	geluid
Dalì	Dalí
gedrilt	gedrild
gefiltert	gefilterd
voltijdsfuncties	voltijdfuncties
genegeerdt	genegeerd
Ijzer	IJzer
niobe	Niobe
geprofiteert	geprofiteerd
gedomineert	gedomineerd
wèrkelijk	wérkelijk
gedoelt	gedoeld
uitgestalt	uitgestald
ng	nog
gebeldt	gebeld
quizz	quiz
lidteken	litteken
opgemaakd	opgemaakt
uitgestippelt	uitgestippeld
maisonette	maisonnette
gespeeldt	gespeeld
Ijsland	IJsland
ayatollah's	ayatollahs
rechtsspraak	rechtspraak
gekleet	gekleed
mer	met
rondgeleidt	rondgeleid
ingewijdt	ingewijd
Bosni	Bosnië
geopereerdt	geopereerd
kayaks	kajaks
geblendt	geblend
bekenen	bekennen
garante	garantie
uitgedroogt	uitgedroogd
dìt	dít
rozenrevolutie	Rozenrevolutie
hypoglycaemie	hypoglycemie
berichd	bericht
gemen	gemeen
gebreit	gebreid
geconsumeert	geconsumeerd
monolitische	monolithische
gelunchd	geluncht
geduwdt	geduwd
toegestuurdt	toegestuurd
gerooft	geroofd
transscriptiefactoren	transcriptiefactoren
gepeldt	gepeld
geaccepteerdt	geaccepteerd
vacature's	vacatures
kopiëerde	kopieerde
verplaatsd	verplaatst
gemarkeert	gemarkeerd
belastingopgaves	belastingopgaven
androidoprichter	Androidoprichter
periodeonderwjs	periodeonderwijs
ingebedt	ingebed
andijviestampot	andijviestamppot
EtherPad	Etherpad
apentrots	apetrots
wienerschnitsels	wienerschnitzels
gekrabt	gekrabd
palmzondag	Palmzondag
kijkert	kijker
zogezegde	zogezegd
uitgebuidt	uitgebuit
hulzebos	Hulzebos
gekwelt	gekweld
zogezegdt	zogezegd
omgewisselt	omgewisseld
staatsliedenbuurt	Staatsliedenbuurt
gedateert	gedateerd
vetellen	vertellen
weltrusten	welterusten
gespuugt	gespuugd
gecasseerdt	gecasseerd
prince	Prince
A4tje	A4'tje
goedgekeurt	goedgekeurd
ingeschakelt	ingeschakeld
bedodt	bedot
uitgebloeit	uitgebloeid
geannuleert	geannuleerd
gèk	gék
gedoodt	gedood
geregelt	geregeld
geïnstalleerdt	geïnstalleerd
ate	aten
geïllustreerdt	geïllustreerd
geschroeft	geschroefd
Ijse	IJse
stortlokaties	stortlocaties
íemand	íémand
geïnterpreteert	geïnterpreteerd
gedaagt	gedaagd
geëvolueert	geëvolueerd
iemamd	iemand
omgedraait	omgedraaid
uitgebroedt	uitgebroed
ontdekd	ontdekt
bestratingwerkzaamheden	bestratingswerkzaamheden
gesleurt	gesleurd
opgestuurt	opgestuurd
sekreten	secreten
Foto`s	Foto's
johnny	Johnny
leasies	laesies
Rijssel	Rijsel
ingekleurt	ingekleurd
presies	precies
doorgespeeldt	doorgespeeld
cruisecontrole	cruisecontrol
pouw	pauw
geweesdt	geweest
gedubt	gedubd
gehydrateert	gehydrateerd
gewaarborgt	gewaarborgd
veul	veel
aswoensdag	Aswoensdag
gillette	Gillette
thuya's	thuja's
gedegradeert	gedegradeerd
apengapen	apegapen
schotland	Schotland
kamermeerderheid	Kamermeerderheid
afleidingsmanoevre	afleidingsmanoeuvre
jeetjes	jeetje
zogezegt	zogezegd
cruisers	kruisers
IB`er	IB'er
geschikd	geschikt
stedebouwkundige	stedenbouwkundige
uitgebuid	uitgebuit
gekleedt	gekleed
kreditkaartverwerker	kredietkaartverwerker
kiend	kind
binnengehaalt	binnengehaald
ingeënd	ingeënt
uitgesmeert	uitgesmeerd
beerpunt	beerput
nevenlokatiebeleid	nevenlocatiebeleid
gepunten	gepunte
manouvreerde	manoeuvreerde
uitstekkend	uitstekend
ADHDer	ADHD'er
labyrinthen	labyrinten
menske	mensje
getreurt	getreurd
prakticant	praktikant
Appe`l	Appel
getypd	getypt
aberatie	aberratie
spand	spant
klassesolidariteit	klassensolidariteit
opgewekd	opgewekt
coulissenlandschapje	coulisselandschapje
ternouwernood	ternauwernood
aangestuurt	aangestuurd
gelynchd	gelyncht
vergult	verguld
kastesysteem	kastensysteem
gezegdt	gezegd
afgescheurdt	afgescheurd
gejuichd	gejuicht
gedagvaart	gedagvaard
aangebrandt	aangebrand
búiten	búíten
lidtekenweefsels	littekenweefsels
gesnippert	gesnipperd
pikketanussie	pikketanissie
gediscrimineerdt	gediscrimineerd
bronen	bronnen
gewapent	gewapend
gewaait	gewaaid
Ijbergen	IJbergen
scheidrechter	scheidsrechter
euro`s	euro's
démarche	demarche
verzed	verzet
bouwlokatie	bouwlocatie
lumineux	lumineus
geblowt	geblowd
geoppert	geopperd
koerske	koersje
nogmaal	nogmaals
kledingsstukken	kledingstukken
grabbelpas	Grabbelpas
teminste	tenminste
opgeschudt	opgeschud
wolkenloze	wolkeloze
afgestudeert	afgestudeerd
gepompd	gepompt
gecontinueerdt	gecontinueerd
gewikkelt	gewikkeld
ongelovelijk	ongelofelijk
ontplofd	ontploft
verhart	verhard
gewoondt	gewoond
opgetilt	opgetild
gegooidt	gegooid
doorgevoert	doorgevoerd
examenopgaves	examenopgaven
eeneiïge	eeneiige
gestroomlijnt	gestroomlijnd
megalitische	megalithische
labyrinth	labyrint
schaalniveau's	schaalniveaus
uitgebalanceert	uitgebalanceerd
dooske	doosje
bijgevoegt	bijgevoegd
fleske	flesje
analyst	analist
gezondt	gezond
gepelt	gepeld
geblaadt	geblaat
miereneukers	mierenneukers
murks	Murks
zoodoende	zodoende
gefrustreert	gefrustreerd
gehat	gehad
gearbeidt	gearbeid
paardekastanje	paardenkastanje
miereneuker	mierenneuker
geopenbaart	geopenbaard
ingestuurt	ingestuurd
gegraveert	gegraveerd
gebeterdt	gebeterd
praktij	praktijk
gefourageerd	gefoerageerd
gestucd	gestuct
persbureau's	persbureaus
afgezegdt	afgezegd
geboekd	geboekt
gekopieert	gekopieerd
klassebureau	klassenbureau
incassobureau's	incassobureaus
ìs	ís
passiezondag	Passiezondag
Wim2	Wim
gewensd	gewenst
voorgelegt	voorgelegd
gekweekd	gekweekt
gestroomt	gestroomd
geklasseerdt	geklasseerd
collet	kollet
geret	gered
twitter	Twitter
uitgehaaldt	uitgehaald
Jesus	Jezus
lovert	lover
gebombardeert	gebombardeerd
afgerekent	afgerekend
doo	door
konstatering	constatering
Ijzerwake	IJzerwake
rosé's	rosés
gedeelt	gedeeld
geassisteert	geassisteerd
òver	óver
afgebeldt	afgebeld
geintimideerd	geïntimideerd
Tokyo	Tokio
afgevaardigdt	afgevaardigd
gedimdt	gedimd
letergreep	lettergreep
losgeschudt	losgeschud
gereserveert	gereserveerd
toegangkelijk	toegankelijk
aangegroeit	aangegroeid
gesubsidieert	gesubsidieerd
verleedt	verleed
gestaldt	gestald
cd`s	cd's
jane	Jane
mn	m'n
opgevult	opgevuld
inhaalmanouvre	inhaalmanoeuvre
gebeidt	gebeid
geliked	geliket
bijgesteldt	bijgesteld
gestuurdt	gestuurd
geschoolt	geschoold
diezel	diesel
aangemoedigdt	aangemoedigd
hóe	hóé
ziekte's	ziektes
gesmult	gesmuld
sponsers	sponsors
gewijt	gewijd
megalitisch	megalithisch
hat	het
geordent	geordend
voorzittersschap	voorzitterschap
geborgt	geborgd
ambachtschool	ambachtsschool
gereinigt	gereinigd
uitgelooft	uitgeloofd
attachée	attaché
uitgeduidt	uitgeduid
financien	financiën
gefinanciert	gefinancierd
gedefiniëerd	gedefinieerd
gegrilt	gegrild
hep	heb
gediskwalificeert	gediskwalificeerd
geregistreert	geregistreerd
uitgespaart	uitgespaard
gepoogt	gepoogd
verdampd	verdampt
gelinkd	gelinkt
calibratiemethode	kalibratiemethode
teruggedraait	teruggedraaid
gesnipperdt	gesnipperd
gedoneert	gedoneerd
bewolkd	bewolkt
gedoseerdt	gedoseerd
skiërt	skiër
overgehevelt	overgeheveld
gecreëert	gecreëerd
Ijzerman	IJzerman
weggeleidt	weggeleid
afgestrafd	afgestraft
gegunt	gegund
woordvoeder	woordvoerder
aangevoerdt	aangevoerd
gesaneerdt	gesaneerd
carriere	carrière
snoeverd	snoever
gewijzigt	gewijzigd
krimpe	krimpen
Marijuana	Marihuana
gecommitteert	gecommitteerd
apekolonie	apenkolonie
eigend	eigen
ingebrandt	ingebrand
geënd	geënt
klassestrijd	klassenstrijd
gemonteert	gemonteerd
selectiebureau's	selectiebureaus
Bachhus	Bacchus
gewont	gewond
koninginnesoep	koninginnensoep
ingecalculeerdt	ingecalculeerd
dactyl	Dactyl
getriggert	getriggerd
geleverdt	geleverd
voltijdsaanstellingen	voltijdaanstellingen
nageleeft	nageleefd
vermisd	vermist
tableau's	tableaus
heid	hei
geweesd	geweest
therapieituatie	therapiesituatie
Kiparissia	Kyparissia
gecruisd	gecruised
gestilt	gestild
Ijzeren	IJzeren
achterwant	achterwand
enqueteren	enquêteren
aangewendt	aangewend
opgetekent	opgetekend
B+B	B&B
gefascineert	gefascineerd
gefinishd	gefinisht
omgekeert	omgekeerd
adviesbureau's	adviesbureaus
aanvoerdster	aanvoerster
bétablokkers	bètablokkers
gewaarschuwt	gewaarschuwd
Hawaiaanse	Hawaïaanse
geëigendt	geëigend
gekendt	gekend
vervoerwerkzaamheden	vervoerswerkzaamheden
voortuitgang	vooruitgang
dènken	dénken
geslingert	geslingerd
geschaardt	geschaard
voltijdsaanstelling	voltijdaanstelling
aanrijdtijd	aanrijtijd
genoemt	genoemd
doorgebrandt	doorgebrand
gehuilt	gehuild
gekweldt	gekweld
gestrooidt	gestrooid
joppe	Joppe
geplundert	geplunderd
gerenoveert	gerenoveerd
aangevult	aangevuld
excuustrusen	excuustruzen
gevedt	gevet
geantwoort	geantwoord
achtienjarig	achttienjarig
uitgebreidt	uitgebreid
diskman	discman
uitgelood	uitgeloot
gedaand	gedaan
òns	óns
Galápagoseilanden	Galapagoseilanden
gestoordt	gestoord
huwlijk	huwelijk
roodbeen	Roodbeen
íets	íéts
gestemdt	gestemd
gestord	gestort
gedachtenstreep	gedachtestreep
gebrant	gebrand
welteruste	welterusten
gekastijdt	gekastijd
zweers	Zweers
moederdag	Moederdag
poepert	poeper
gezaaidt	gezaaid
pony`s	pony's
gesnoeit	gesnoeid
gedurft	gedurfd
geschilt	geschild
medegedeelt	medegedeeld
geduidt	geduid
gemoeit	gemoeid
gedachtenstreepjes	gedachtestreepjes
gedownloadt	gedownload
gestooft	gestoofd
geuid	geuit
onkangs	onlangs
m₂	m²
voorgeschotelt	voorgeschoteld
machtspelletjes	machtsspelletjes
kilo`s	kilo's
xenos	Xenos
achtien	achttien
fietske	fietsje
gevalideert	gevalideerd
opgebrandt	opgebrand
komputers	computers
geledt	gelet
geëxploiteerdt	geëxploiteerd
avondster	Avondster
afgehardt	afgehard
morgenland	Morgenland
omgevormdt	omgevormd
Jesus'	Jezus'
consultatiebureau's	consultatiebureaus
specialismes	specialismen
gespecialiseert	gespecialiseerd
geprocedeert	geprocedeerd
Brommelia	Bromelia
verwoort	verwoord
opgedroogt	opgedroogd
ònder	ónder
trillingsniveau's	trillingsniveaus
vrijiating	vrijlating
yakboterthee	jakboterthee
aangevuldt	aangevuld
gecreëerdt	gecreëerd
gediscrimineert	gediscrimineerd
gesteriliseert	gesteriliseerd
bijstanduitkeringen	bijstandsuitkeringen
ingebet	ingebed
afgezondert	afgezonderd
getypeert	getypeerd
heengeleidt	heengeleid
gebrandt	gebrand
gekluistert	gekluisterd
electriciteitsleidingen	elektriciteitsleidingen
wondende	wonende
cilinidervormig	cilindervormig
gedroogt	gedroogd
geïnformeert	geïnformeerd
Ijsselmonde	IJsselmonde
uitgedeelt	uitgedeeld
afgevuurt	afgevuurd
gepromoveert	gepromoveerd
Ijstijd	IJstijd
gespaardt	gespaard
friskes	frisjes
vanweg	vanwege
gehandhaafdt	gehandhaafd
geweldt	geweld
electriciteitscentrale	elektriciteitscentrale
voorgesteldt	voorgesteld
mediabureau's	mediabureaus
gebladert	gebladerd
gedistilleert	gedistilleerd
vogelenzang	Vogelenzang
stillaan	stilaan
afgekeurt	afgekeurd
geselecteerdt	geselecteerd
opgetelt	opgeteld
Bourouillaan	Bourouilllaan
gehaaldt	gehaald
ingekwartiert	ingekwartierd
geregisseert	geregisseerd
getekendt	getekend
belanghebbendes	belanghebbenden
sponseren	sponsoren
werklokaties	werklocaties
aangewakkert	aangewakkerd
Marshallaan	Marshalllaan
ingelevert	ingeleverd
ye	te
geruïneerdt	geruïneerd
vuurduin	Vuurduin
bekleet	bekleed
grafgiftes	grafgiften
noordpoolreizigers	Noordpoolreizigers
gehoordt	gehoord
geviert	gevierd
ingelijft	ingelijfd
gedempd	gedempt
opgaves	opgaven
gewekd	gewekt
dwarslesie	dwarslaesie
paralellen	parallellen
masaal	massaal
opgestuurdt	opgestuurd
ransig	ranzig
lokatiebepaling	locatiebepaling
ransige	ranzige
Pvda'ers	PvdA'ers
fraxodi	Fraxodi
balcon	balkon
gemankeerdt	gemankeerd
gehuldigt	gehuldigd
zèlfs	zélfs
quizen	quizzen
mama`s	mama's
Ijskoud	IJskoud
omgebouwt	omgebouwd
belder	Belder
regina	Regina
ruimtevaarttuigen	ruimtevaartuigen
uitgedaagt	uitgedaagd
kiezerscorps	kiezerskorps
getrouwt	getrouwd
westende	Westende
geblokkeerdt	geblokkeerd
uitgeschakelt	uitgeschakeld
geinstalleerd	geïnstalleerd
claxonerend	claxonnerend
uitgeroeidt	uitgeroeid
aangepasd	aangepast
gehoopd	gehoopt
gedult	geduld
gevonnisd	gevonnist
rechtzaak	rechtszaak
gelevert	geleverd
beslotend	besloten
Bachus	Bacchus
getolereert	getolereerd
gelimiteert	gelimiteerd
diskanten	discanten
gekarameliseerd	gekaramelliseerd
gegarandeert	gegarandeerd
opgekuisd	opgekuist
geproduceert	geproduceerd
Ijsvogel	IJsvogel
belastingstrucs	belastingtrucs
gemoldt	gemold
Randstadrail	RandstadRail
biesbok	blesbok
meno	memo
scheffer	Scheffer
getaxeert	getaxeerd
algorithme	algoritme
gestemt	gestemd
gestresd	gestrest
bijgestelt	bijgesteld
gedagvaardt	gedagvaard
Híer	Híér
opnieuwe	opnieuw
geoxideert	geoxideerd
uitgebeeldt	uitgebeeld
bijiagen	bijlagen
karamelleverzen	karamellenverzen
opgelosd	opgelost
pitoresk	pittoresk
gestabiliseert	gestabiliseerd
stemmerd	stemmer
ingebreidt	ingebreid
opgelaaidt	opgelaaid
gecombineerdt	gecombineerd
onmiddelijke	onmiddellijke
gemoordt	gemoord
ingestelt	ingesteld
sportaccomodaties	sportaccommodaties
vedische	Vedische
geïnt	geïnd
taxi`s	taxi's
volklied	volkslied
beveiliginsincident	beveiligingsincident
watercypres	watercipres
geblokkeert	geblokkeerd
gezagsvoerder	gezagvoerder
gescheelt	gescheeld
opgelevert	opgeleverd
geconcludeert	geconcludeerd
gecrashd	gecrasht
zelgeknutseld	zelfgeknutseld
gelegdt	gelegd
àndere	ándere
zone's	zones
thema`s	thema's
getildt	getild
geparkeerdt	geparkeerd
gemasseert	gemasseerd
geschorsd	geschorst
Apachedans	apachedans
rijswijk	Rijswijk
oft	loft
uitgedunt	uitgedund
bovend	boven
verantwoort	verantwoord
gevoegt	gevoegd
ordend	ordent
getimmert	getimmerd
toegewensd	toegewenst
sérieux'	sérieux
gemixd	gemixt
gewiedt	gewied
facultiet	faculteit
Ijlst	IJlst
gemisd	gemist
bestandsdelen	bestanddelen
molenaarsgraaf	Molenaarsgraaf
tweecylinder	tweecilinder
geroeit	geroeid
getransformeert	getransformeerd
doktor	dokter
ziektenkostenregelingen	ziektekostenregelingen
achttiend	achttiende
babyzitter	babysitter
Ijslands	IJslands
annemieke	Annemieke
leverd	levert
yak	jak
afgerondt	afgerond
faeces	feces
dj`s	dj's
uitgebrandt	uitgebrand
genagelt	genageld
gemendt	gemend
gelobt	gelobd
cadeau's	cadeaus
Ijssel	IJssel
gecertificeert	gecertificeerd
sovjetstaat	Sovjetstaat
éé'n	één
onderzoekuitgaven	onderzoeksuitgaven
gerestaureert	gerestaureerd
toegevoegdt	toegevoegd
cliche	cliché
mijoen	miljoen
gemerkdt	gemerkt
wíe	wíé
ingevoert	ingevoerd
mac	Mac
gevestigdt	gevestigd
deser	dezer
waalwijk	Waalwijk
kledingsstuk	kledingstuk
renaisanceschilders	renaissanceschilders
kompleet	compleet
gecontacteert	gecontacteerd
apekolonies	apenkolonies
gevoldt	gevold
verranderingen	veranderingen
ingetaped	ingetapet
geëxpireerdt	geëxpireerd
zescylinder	zescilinder
omgevormt	omgevormd
tussend	tussen
bijdehandte	bijdehante
berceau's	berceaus
weggevoert	weggevoerd
Levencyclus	Levenscyclus
gebreidt	gebreid
uitbesteet	uitbesteed
bestrafd	bestraft
verled	verlet
uitgekient	uitgekiend
afgespeelt	afgespeeld
nobelprijswinnaar	Nobelprijswinnaar
verschafd	verschaft
vervreemt	vervreemd
geactiveert	geactiveerd
geplanten	geplante
licenti	licentie
reve	Reve
gevisd	gevist
insekticiden	insecticiden
begroed	begroet
gejaagt	gejaagd
piña	pina
geruimt	geruimd
geconverteert	geconverteerd
vij	bij
mijard	miljard
gecensureerdt	gecensureerd
veiligheidlekken	veiligheidslekken
uitgespreidt	uitgespreid
hofland	Hofland
afgestemt	afgestemd
schreur	Schreur
maneuvres	manoeuvres
zenger	zanger
geverfdt	geverfd
teleurgestelt	teleurgesteld
gecompliceert	gecompliceerd
gemeent	gemeend
ontfangen	ontvangen
gepleurdt	gepleurd
jodenjacht	Jodenjacht
ruimtevaarttuig	ruimtevaartuig
pétanque	petanque
Elen	Ellen
androidtoestel	Androidtoestel
maandelijke	maandelijkse
bosfeeen	bosfeeën
Bijoux	Bijous
spellingswijziging	spellingwijziging
gewilt	gewild
geraadpleegt	geraadpleegd
passagierschip	passagiersschip
opgelegt	opgelegd
gevormt	gevormd
woningbouwlokaties	woningbouwlocaties
niét	níét
ingesteldt	ingesteld
gestard	gestart
geduldt	geduld
winlokatie	winlocatie
uitgebreit	uitgebreid
gelandt	geland
lipitor	Lipitor
sangen	Sangen
gedeporteert	gedeporteerd
merlijn	marlijn
gekudt	gekut
kiloos	kilo's
schilderswijk	Schilderswijk
geïsoleerdt	geïsoleerd
waardenlijsten	waardelijsten
gehadt	gehad
overgevloeidt	overgevloeid
omgedoopd	omgedoopt
uitgewisselt	uitgewisseld
ooggetuigeverslag	ooggetuigenverslag
Hergé's	Hergés
amer	Amer
geredeneert	geredeneerd
gelegt	gelegd
gelabelt	gelabeld
geëisd	geëist
gewaardeerdt	gewaardeerd
aangelevert	aangeleverd
gezondsheidszorg	gezondheidszorg
lensen	lenzen
verspreit	verspreid
secretaressenoverleg	secretaresseoverleg
belastingsgelden	belastinggelden
hanzestad	Hanzestad
uberhaupt	überhaupt
verzonde	verzonden
viercylinder	viercilinder
onderstal	Onderstal
ingewikkelt	ingewikkeld
orleans	Orleans
gesleepd	gesleept
waarempel	warempel
pannekoekjes	pannenkoekjes
kreatieve	creatieve
geruimdt	geruimd
gevloeit	gevloeid
gekwetsd	gekwetst
gespeculeert	gespeculeerd
gestrafd	gestraft
geïllustreert	geïllustreerd
reedst	reeds
Jan's	Jans
aangevraagt	aangevraagd
geroostert	geroosterd
getraint	getraind
afgemeldt	afgemeld
Emancipatiekommissie	Emancipatiecommissie
gekarameliseerde	gekaramelliseerde
gekent	gekend
zo`n	zo'n
bijgevult	bijgevuld
geheelt	geheeld
bedrijvenlokaties	bedrijvenlocaties
America's	Amerika's
afgewisselt	afgewisseld
geveer	gever
geaccomodeerd	geaccommodeerd
gewurgt	gewurgd
utrecht	Utrecht
genoodzaakd	genoodzaakt
gedigitaliseert	gedigitaliseerd
Asgard	Asgaard
overgewaait	overgewaaid
opgedient	opgediend
bétablokker	bètablokker
gereageerdt	gereageerd
gepropageert	gepropageerd
crêche	crèche
négligé	negligé
gewinkelt	gewinkeld
gekeert	gekeerd
ongeloofelijk	ongelooflijk
stembureau's	stembureaus
gehart	gehard
ingestudeert	ingestudeerd
bereikd	bereikt
geformeert	geformeerd
hoofdoekjes	hoofddoekjes
sponser	sponsor
afgevraagt	afgevraagd
z`n	z'n
goedenmiddag	goedemiddag
glansend	glanzend
uitgezwaait	uitgezwaaid
geknutselt	geknutseld
voorbijgestreeft	voorbijgestreefd
gekoestert	gekoesterd
opdrach	opdracht
cylindrische	cilindrische
verbindingstukjes	verbindingsstukjes
elohim	Elohim
gespoelt	gespoeld
blindegeleidehond	blindengeleidehond
ingebouwdt	ingebouwd
aangedurft	aangedurfd
internetcafé's	internetcafés
omgerekent	omgerekend
soeten	Soeten
wekfles	weckfles
yaks	jaks
Rembrand	Rembrandt
video`s	video's
ingedient	ingediend
getroosd	getroost
Churchillaan	Churchilllaan
georganiseert	georganiseerd
gewildt	gewild
opgebelt	opgebeld
gereist	gereisd
pasport	paspoort
weggestuurt	weggestuurd
beteert	beteerd
allem	alle
jodenjongen	Jodenjongen
rechtoe	rechttoe
opgestapelt	opgestapeld
gerecyclet	gerecycled
middenrijk	Middenrijk
gesuggereert	gesuggereerd
kalashnikovs	kalasjnikovs
handlen	handelen
overgehaalt	overgehaald
extrapyramidaal	extrapiramidaal
gefronsd	gefronst
teleurgesteldt	teleurgesteld
gefaalt	gefaald
gebloeit	gebloeid
rhinoplastiek	rinoplastiek
beperkd	beperkt
gesloopd	gesloopt
voerzicht	overzicht
Rubensvrouw	rubensvrouw
aangemeldt	aangemeld
verzorgingstaat	verzorgingsstaat
Ijzelenberg	IJzelenberg
gezaagt	gezaagd
Ijdele	IJdele
ùw	úw
M`n	M'n
gewerkd	gewerkt
gestrant	gestrand
geragdt	geragd
afgedraait	afgedraaid
gehuwt	gehuwd
friesland	Friesland
gemerkd	gemerkt
uitgelegdt	uitgelegd
Ijshockey	IJshockey
gerecruteerde	gerekruteerde
geskiet	geskied
halucineert	hallucineert
geled	gelet
stiltecoupe	stiltecoupé
getwittert	getwitterd
gedoot	gedood
gemetselt	gemetseld
aangemoedigt	aangemoedigd
gezeilt	gezeild
bijgewerkd	bijgewerkt
décolleté	decolleté
vééél	véél
goudse	Goudse
getornt	getornd
toeroperators	touroperators
ingezoomt	ingezoomd
enquètes	enquêtes
cylindervormige	cilindervormige
ana	aan
besmed	besmet
meegedeelt	meegedeeld
schoolboordkrijt	schoolbordkrijt
accomoderen	accommoderen
danske	dansje
hanneman	Hanneman
ù	ú
gesponsort	gesponsord
bijgevoedt	bijgevoed
eggetanden	eggentanden
ingangdatum	ingangsdatum
ellend	ellende
passage's	passages
zeeschilpadden	zeeschildpadden
komputer	computer
aangepakd	aangepakt
claxonerende	claxonnerende
gewelt	geweld
gekromdt	gekromd
geconfigureert	geconfigureerd
gewikkeldt	gewikkeld
toegepasd	toegepast
cateringszaken	cateringzaken
kommissaris	commissaris
vooraal	vooral
ingeluist	ingeluisd
belgenmop	Belgenmop
afgelegdt	afgelegd
gedaalt	gedaald
lievend	levend
overheidsniveau's	overheidsniveaus
gebloedt	gebloed
kamermeerderheden	Kamermeerderheden
opgevoert	opgevoerd
regio`s	regio's
yakboter	jakboter
gestelt	gesteld
mit	met
Ijzendijke	IJzendijke
óok	óók
gemanipuleert	gemanipuleerd
accomodatie	accommodatie
achtienjarige	achttienjarige
geventileert	geventileerd
meegesleurt	meegesleurd
gemonitort	gemonitord
abberrant	aberrant
dvd`s	dvd's
opgevoerdt	opgevoerd
gerolt	gerold
whatsApp	WhatsApp
bedankd	bedankt
caissiere	caissière
gespreidt	gespreid
noordpoolreis	Noordpoolreis
pdfs	pdf's
55+ers	55+'ers
gelukd	gelukt
gegrondt	gegrond
manoevres	manoeuvres
geboudt	gebout
weerszijde	weerszijden
electriciteitsprijs	elektriciteitsprijs
kaptein	kapitein
opgegroeidt	opgegroeid
aangezegt	aangezegd
jaarstermijn	jaartermijn
geofferdt	geofferd
plaatskes	plaatsjes
rummikub	Rummikub
toegedient	toegediend
oorsponkelijk	oorspronkelijk
tentoongestelt	tentoongesteld
euri	euro
gefotografeerdt	gefotografeerd
opgehoogt	opgehoogd
wes	wens
bijstanduitkering	bijstandsuitkering
ventillatie	ventilatie
geëxperimenteert	geëxperimenteerd
gespeldt	gespeld
allroundschaatsert	allroundschaatser
elekra	elektra
stadskanaal	Stadskanaal
beschud	beschut
waadoor	waardoor
caravanserai	karavanserai
masculine	masculien
opgebouwt	opgebouwd
bors	Bors
inkoppert	inkopper
geëert	geëerd
Ijsselmuiden	IJsselmuiden
lokatiegebonden	locatiegebonden
bepland	beplant
zóó	zó
gehuwdt	gehuwd
ingeademt	ingeademd
balladesdichter	balladedichter
geformeerdt	geformeerd
gezed	gezet
omgeleidt	omgeleid
gearresteert	gearresteerd
onderzoeksbureau's	onderzoeksbureaus
dond	vond
ransigste	ranzigste
samengestelt	samengesteld
samengevoegt	samengevoegd
vastenland	vasteland
gebaseert	gebaseerd
geconstateert	geconstateerd
nòg	nóg
recruten	rekruten
poetische	poëtische
moéten	móéten
verrasd	verrast
gewortelt	geworteld
geschrobt	geschrobd
H²O	H₂O
bezochd	bezocht
cher	Cher
overgelevert	overgeleverd
bouwlokaties	bouwlocaties
landschapformaat	landschapsformaat
file's	files
programma`s	programma's
omgegooit	omgegooid
gepatenteert	gepatenteerd
geledend	geleden
tricht	Tricht
concièrge	conciërge
gebezigt	gebezigd
wagenberg	Wagenberg
gedeponeert	gedeponeerd
gemengt	gemengd
boschage	bosschage
leeggerooft	leeggeroofd
gestansd	gestanst
arbeidsbureau's	arbeidsbureaus
doorkruisd	doorkruist
karater	karakter
quotient	quotiënt
wapenveld	Wapenveld
toegevoegt	toegevoegd
glooiiende	glooiende
moslem	moslim
gecommuniceert	gecommuniceerd
gedirigeert	gedirigeerd
geïntegreert	geïntegreerd
gearriveert	gearriveerd
gevormdt	gevormd
maseurs	masseurs
risico`s	risico's
uitgemondt	uitgemond
gepubliceert	gepubliceerd
ingestord	ingestort
bestaanrecht	bestaansrecht
gepasseert	gepasseerd
gesoldeert	gesoldeerd
katastrofale	catastrofale
gescant	gescand
Kastilië	Castilië
enqueterecht	enquêterecht
pagina`s	pagina's
genadert	genaderd
bebosd	bebost
compjuter	computer
geïnteresseerdt	geïnteresseerd
studentenkorpsen	studentencorpsen
silvester	Silvester
Ij	IJ
afgestelt	afgesteld
zeeschilpad	zeeschildpad
Curacaose	Curaçaose
genoteert	genoteerd
gekand	gekant
gement	gemend
Capucijnen	Kapucijnen
steenbokskeerkring	Steenbokskeerkring
gestolt	gestold
kawa	Kawa
carière	carrière
baardde	baarde
geoordeeldt	geoordeeld
glazende	glanzende
opgesomt	opgesomd
geplempdt	geplempt
groend	groen
geschad	geschat
overdijk	Overdijk
schilpadden	schildpadden
opgeëisd	opgeëist
accesoires	accessoires
ingezaait	ingezaaid
afgekoelt	afgekoeld
betablokker	bètablokker
geparkeert	geparkeerd
gestempelt	gestempeld
gekleurt	gekleurd
kruiske	kruisje
vijfen	vijven
kerver	Kerver
Ijzersterk	IJzersterk
verkloodt	verkloot
gebezigdt	gebezigd
sovjetmacht	Sovjetmacht
uitgekleedt	uitgekleed
geboert	geboerd
prijze	prijzen
geïmpliceerdt	geïmpliceerd
afgetekent	afgetekend
Soundcloud	SoundCloud
besefd	beseft
Bureau's	Bureaus
wekflesjes	weckflesjes
ingewilligt	ingewilligd
polstokspringen	polsstokspringen
tegend	tegen
favorite	favoriete
aangepland	aangeplant
geoorlooft	geoorloofd
opgevolgt	opgevolgd
blootgestelt	blootgesteld
onthooft	onthoofd
homo`s	homo's
personenauto`s	personenauto's
boschages	bosschages
nagelriempjess	nagelriempjes
ajb	ajb.
gecompliceerdt	gecompliceerd
dwarslesies	dwarslaesies
geblogt	geblogd
openTaal	OpenTaal
manoevreerruimte	manoeuvreerruimte
opgespeldt	opgespeld
foto`s	foto's
verdiepd	verdiept
azimuth	azimut
Verbauwen	Verbouwen
gekneust	gekneusd
toetsteen	toetssteen
geïntroduceerdt	geïntroduceerd
geregeldt	geregeld
gereet	gereed
Ijslander	IJslander
opgeknapd	opgeknapt
aangemelt	aangemeld
geraakd	geraakt
gewiidt	gewiid
geschaadt	geschaad
eeneiïg	eeneiig
geneesmiddelenwet	Geneesmiddelenwet
geprijst	geprijsd
gesmeet	gesmeed
sperciebonen	sperziebonen
veken	velen
René's	Renés
Bordeaux's	Bordeauxs
65+ers	65+'ers
gehuildt	gehuild
geopereert	geopereerd
gemengdt	gemengd
Ijpelaar	IJpelaar
geregistreerdt	geregistreerd
gepakd	gepakt
begond	begon
gespecialiseerdt	gespecialiseerd
electriciteit	elektriciteit
òf	óf
décor	decor
vam	van
genante	gênante
jongentje	jongetje
Gnuplot	gnuplot
aangelandt	aangeland
comit	comité
geteldt	geteld
vastgestelt	vastgesteld
geproduceerdt	geproduceerd
herz	hertz
geïnvesteert	geïnvesteerd
doorgestuurt	doorgestuurd
gescrubt	gescrubd
djs	dj's
geprepareert	geprepareerd
hanne	Hanne
gemeldt	gemeld
gegrifd	gegrift
weggevaagt	weggevaagd
aangekaard	aangekaart
noordpoolreizen	Noordpoolreizen
schutgoot	schudgoot
volkslatijn	Volkslatijn
ingespeelt	ingespeeld
verschansd	verschanst
Jesusgebed	Jezusgebed
voorgewendt	voorgewend
àltijd	áltijd
afgesteldt	afgesteld
afgezaagt	afgezaagd
gecontracteert	gecontracteerd
gespelt	gespeld
gedroogdt	gedroogd
volkerenbond	Volkerenbond
gezont	gezond
zò	zó
beslisd	beslist
klassefoto	klassenfoto
ade	de
gemaakdt	gemaakt
allert	alert
noire	noir
opgevoedt	opgevoed
gemiddeldt	gemiddeld
bacovenwinkel	bacovewinkel
dàt	dát
komfort	comfort
koningsdagen	Koningsdagen
verluit	verluid
A5jes	A5'jes
Ijverig	IJverig
bevad	bevat
euthenasie	euthanasie
reclamebureau's	reclamebureaus
gereformeert	gereformeerd
uizetten	uitzetten
gestudeert	gestudeerd
geboordt	geboord
getempert	getemperd
grensen	grenzen
drok	druk
kalfzwezeriken	kalfszwezeriken
geramt	geramd
nagevraagt	nagevraagd
zenith	zenit
liëerde	lieerde
gespeelt	gespeeld
gejad	gejat
aangekleedt	aangekleed
gedemonstreert	gedemonstreerd
ingeboed	ingeboet
finnen	Finnen
sleeds	sleets
stacato	staccato
hept	helpt
kiezerd	kiezer
schraven	Schraven
klassebehoud	klassenbehoud
gecoördineert	gecoördineerd
gevaccineert	gevaccineerd
genomineert	genomineerd
uitgehaalt	uitgehaald
gesleutelt	gesleuteld
gestopd	gestopt
cassières	caissières
Ijslanders	IJslanders
geïnstalleert	geïnstalleerd
aangevraagdt	aangevraagd
gedachtenwendingen	gedachtewendingen
vakantielokatie	vakantielocatie
ontwikkelingsamenwerking	ontwikkelingssamenwerking
boutst	boudst
uitgekamt	uitgekamd
opgeled	opgelet
afgeschermt	afgeschermd
geopenbaardt	geopenbaard
bolman	Bolman
bestande	bestaande
gezedt	gezet
borstpieren	borstspieren
m`n	m'n
graspop	Graspop
zèlf	zélf
weggespoelt	weggespoeld
gedachtenstreepje	gedachtestreepje
cymbalen	cimbalen
overheersd	overheerst
geziende	geziene
maisonettes	maisonnettes
geregeerdt	geregeerd
gedraait	gedraaid
gestremt	gestremd
geëerbiedigdt	geëerbiedigd
gereageert	gereageerd
getolereerdt	getolereerd
Kastiliaans	Castiliaans
heila	Heila
uitgekeert	uitgekeerd
geenzins	geenszins
Atjeese	Atjese
jans	Jans
ingevult	ingevuld
geremt	geremd
negentiend	negentiende
cateringszaak	cateringzaak
gesparen	besparen
beveiliginsincidenten	beveiligingsincidenten
gekunt	gekund
geëxecuteert	geëxecuteerd
practikant	praktikant
schilp	Schilp
ontwikkelingslokaties	ontwikkelingslocaties
gepolijsd	gepolijst
cadeaux	cadeaus
aangekondigt	aangekondigd
gedroomt	gedroomd
romeins	Romeins
spercieboontje	sperzieboontje
maisje	meisje
gestaaft	gestaafd
geflankeert	geflankeerd
claxoneren	claxonneren
paras	para's
Colokatie	Colocatie
waaròm	waaróm
recherchebureau's	recherchebureaus
ingedeelt	ingedeeld
Indiers	Indiërs
gebabbelt	gebabbeld
gedrukd	gedrukt
geduwt	geduwd
goe	goed
ingegooit	ingegooid
geborgdt	geborgd
afgewendt	afgewend
hèbben	hébben
ingelegt	ingelegd
A4tjes	A4'tjes
electriciteitscentrales	elektriciteitscentrales
gevelt	geveld
begripvorming	begripsvorming
gehaad	gehaat
helem	hele
èchte	échte
sportaccomodatie	sportaccommodatie
afgewerkd	afgewerkt
díe	díé
dènk	dénk
gegarandeerdt	gegarandeerd
aangelegt	aangelegd
gepleid	gepleit
drietrapsrakket	drietrapsraket
effend	effen
gemenerikken	gemeneriken
gevordert	gevorderd
gepositioneert	gepositioneerd
gehyped	gehypet
neergelegt	neergelegd
getovert	getoverd
goedertierend	goedertieren
europarlementariërs	Europarlementariërs
wiite	witte
subway	Subway
getind	getint
versterkd	versterkt
gescoort	gescoord
mel	Mel
milie	milieu
Hitler's	Hitlers
bediendenkamers	bediendekamers
eetcafé's	eetcafés
afgeleit	afgeleid
androidtoestellen	Androidtoestellen
vermoet	vermoed
coòrdinator	coördinator
aangeklaagdt	aangeklaagd
toegestuurt	toegestuurd
geschuurt	geschuurd
gespreit	gespreid
geknalt	geknald
Ijsberen	IJsberen
gascylinder	gascilinder
ångströms	ångström
opname's	opnames
geobsedeert	geobsedeerd
welicht	wellicht
afscheidstoernee	afscheidstournee
rechtsomkeerd	rechtsomkeert
binnend	binnen
aangevoert	aangevoerd
uitstromert	uitstromer
wekking	werking
prularia	prullaria
strafrechterlijk	strafrechtelijk
geprobeerdt	geprobeerd
genummert	genummerd
dichtsbijzijnde	dichtstbijzijnde
geroemt	geroemd
beboedt	beboet
hirs	Hirs
geplooit	geplooid
startlokatie	startlocatie
versufd	versuft
getransporteert	getransporteerd
dubbeld	dubbel
goedertierende	goedertierene
uitgeleeft	uitgeleefd
overgelegt	overgelegd
geteelt	geteeld
asbroek	Asbroek
begripvormingen	begripsvormingen
koninggin	koningin
dartspel	dartsspel
Fallopii	fallopii
gehersenspoelt	gehersenspoeld
gestreepd	gestreept
zegend	zegent
URLs	URL's
geschreeuwt	geschreeuwd
Jezuïten	Jezuïeten
gewondt	gewond
algorithmen	algoritmen
gespaart	gespaard
marijuana	marihuana
plassert	plasser
Ijkema	IJkema
Ijs	IJs
gemanouvreerd	gemanoeuvreerd
dichtgegroeidt	dichtgegroeid
excusus	excuses
così	Così
Uwes	Uwe
gehuurt	gehuurd
matze	matse
stevend	stevent
friestalige	Friestalige
Hawaiaans	Hawaïaans
vergoet	vergoed
servietten	serviettes
anderssoortige	andersoortige
locale	lokale
ingevordert	ingevorderd
letstel	letsel
gepersonaliseert	gepersonaliseerd
gefeliciteert	gefeliciteerd
voltijdsfunctie	voltijdfunctie
aërodynamica	aerodynamica
buitenaarde	buitenaardse
jurrie	Jurrie
opgerolt	opgerold
algorithmes	algoritmes
getrimt	getrimd
afgebrant	afgebrand
toegejuichd	toegejuicht
cyclosporine	ciclosporine
politiebureau's	politiebureaus
geschordt	geschort
oegen	ogen
gestoomt	gestoomd
démarrage	demarrage
ransiger	ranziger
geweidt	geweid
halucineer	hallucineer
gehoedt	gehoed
gesmeert	gesmeerd
uitgefreesdt	uitgefreesd
collega`s	collega's
beijing	Beijing
haarlem	Haarlem
uitgelijnt	uitgelijnd
gedefinieert	gedefinieerd
lokatieniveau	locatieniveau
gestreeft	gestreefd
schie	Schie
gelijmt	gelijmd
gestoelt	gestoeld
houtgreep	houdgreep
gekuisd	gekuist
Myspell	MySpell
geschaat	geschaad
afgelegt	afgelegd
bedevaartsoort	bedevaartsoord
betanddeel	bestanddeel
gehoort	gehoord
voorgestelt	voorgesteld
moskeen	moskeeën
aangeleerdt	aangeleerd
geschakelt	geschakeld
0mdat	omdat
uitgeleent	uitgeleend
móeten	móéten
ònze	ónze
geïntegreerdt	geïntegreerd
electricien	elektricien
geleit	geleid
ebay	eBay
beslisdt	beslist
diskant	discant
hóeven	hóéven
kongsies	kongsi's
gesmeerdt	gesmeerd
gearresteerdt	gearresteerd
geresulteert	geresulteerd
gereinigdt	gereinigd
gematigt	gematigd
gelogeert	gelogeerd
gefixeert	gefixeerd
toegevrozen	toegevroren
crepezolen	crêpezolen
opgeschut	opgeschud
plumeau's	plumeaus
Jezus`	Jezus'
geneigt	geneigd
facebookgroep	Facebookgroep
halloween	Halloween
London	Londen
gesignaleert	gesignaleerd
gevibreerdt	gevibreerd
kitesurfert	kitesurfer
opgezed	opgezet
Cadeau's	Cadeaus
televisiequizen	televisiequizzen
hùn	hún
hercalibratie	herkalibratie
meegetelt	meegeteld
nobelprijswinnaars	Nobelprijswinnaars
uitgeroeit	uitgeroeid
gelant	geland
gepolsd	gepolst
doorgereist	doorgereisd
wienerschnitsel	wienerschnitzel
geselecteert	geselecteerd
gedoceert	gedoceerd
geoptimaliseert	geoptimaliseerd
gevol	gevolg
schrijfmachien	schrijfmachine
geolieden	geoliede
gewaardeert	gewaardeerd
doorgedraait	doorgedraaid
quite	quitte
afgeleverdt	afgeleverd
geklemt	geklemd
gepresenteerdt	gepresenteerd
cliché's	clichés
gedetailleert	gedetailleerd
gemaildt	gemaild
gekrult	gekruld
electriciteitsmeter	elektriciteitsmeter
bassa	Bassa
gevestigt	gevestigd
scheepverkeer	scheepsverkeer
accesoire	accessoire
gekeurdt	gekeurd
José's	Josés
energieverbuik	energieverbruik
Kastiliaan	Castiliaan
gedoemt	gedoemd
gerespecteert	gerespecteerd
gezoent	gezoend
levencyclus	levenscyclus
gecoòrdineerde	gecoördineerde
m₃	m³
electriciteitsvoorziening	elektriciteitsvoorziening
uitgereikd	uitgereikt
helemal	helemaal
uitgangpunt	uitgangspunt
Gaugin	Gauguin
geaait	geaaid
daarn	daar
virgo	Virgo
ontmaagt	ontmaagd
veldhuis	Veldhuis
analise	analyse
platgebrandt	platgebrand
germain	Germain
geïnformeerdt	geïnformeerd
belant	beland
gecorrumpeerdt	gecorrumpeerd
georganiseerdt	georganiseerd
ingeklemt	ingeklemd
gemachtigt	gemachtigd
balladendichter	balladedichter
viskes	visjes
has	had
wekflessen	weckflessen
gekookd	gekookt
gefraudeert	gefraudeerd
aërobe	aerobe
gecomponeert	gecomponeerd
geteistert	geteisterd
gefietsd	gefietst
logé's	logés
polisie	politie
gepeilt	gepeild
òp	óp
gepresteert	gepresteerd
gevergt	gevergd
lokatiekeuze	locatiekeuze
goei	goed
geconcenteerd	geconcentreerd
ruggengraad	ruggengraat
practikanten	praktikanten
gemiddelt	gemiddeld
woordensmederij	Woordensmederij
aaf	Aaf
ginnengappen	ginnegappen
invrijheidsstelling	invrijheidstelling
Lleinpolderplein	Kleinpolderplein
woordvoerdster	woordvoerster
geformuleert	geformuleerd
lokaties	locaties
vroos	vroor
onderzoekwerkzaamheden	onderzoekswerkzaamheden
broques	brogues
gelanceert	gelanceerd
ontmoedt	ontmoet
opgepikd	opgepikt
híer	híér
noordpooltocht	Noordpooltocht
bonekamp	Bonekamp
bìnnen	bínnen
stedebouwkunde	stedenbouwkunde
gekarakteriseert	gekarakteriseerd
boskes	bosjes
zijpe	Zijpe
stet	stelt
vrouwlijke	vrouwelijke
yvonne	Yvonne
gerapporteert	gerapporteerd
idiologie	ideologie
gelult	geluld
gerekendt	gerekend
parijs	Parijs
Ijzersterke	IJzersterke
gedraaidt	gedraaid
lesie	laesie
hèm	hém
gesuggereerdt	gesuggereerd
capucijners	kapucijners
Boekenweekessay	boekenweekessay
etappe's	etappes
waand	waant
afgescheurt	afgescheurd
schilpad	schildpad
ingestemt	ingestemd
gehaadt	gehaat
calibratie	kalibratie
gedreigt	gedreigd
Querido`s	Querido's
uitgetelt	uitgeteld
gekroont	gekroond
westerscheldetunnel	Westerscheldetunnel
gegromdt	gegromd
ls	is
indiend	indient
ingekleedt	ingekleed
buitend	buiten
schen	schenk
katastrofe	catastrofe
nù	nú
Consultatiebureau's	Consultatiebureaus
Ijff	IJff
MixCloud	Mixcloud
geprikkelt	geprikkeld
uitgedijdt	uitgedijd
geconditioneert	geconditioneerd
dié	díé
montessori	Montessori
aangespeelt	aangespeeld
heffingslokaties	heffingslocaties
enqueteformulier	enquêteformulier
uitgebouwt	uitgebouwd
geïoniseerdt	geïoniseerd
geoefendt	geoefend
ingesmeert	ingesmeerd
mien	mijn
aangerekent	aangerekend
doodgegooit	doodgegooid
kommissies	commissies
patientjes	patiëntjes
glansende	glanzende
gehandelt	gehandeld
weerkanten	weerskanten
kèn	kén
losgebrandt	losgebrand
patiënce	patience
secretaressendag	secretaressedag
jodenkind	Jodenkind
opgezadelt	opgezadeld
ingedeeldt	ingedeeld
coulissenlandschapjes	coulisselandschapjes
gewijdt	gewijd
gezeeft	gezeefd
bijbelplaatsen	Bijbelplaatsen
mederwerkers	medewerkers
afgebeeldt	afgebeeld
gelijmdt	gelijmd
politiecorpsen	politiekorpsen
geadviseerdt	geadviseerd
buske	busje
Lou's	Lous
ingezamelt	ingezameld
cylindrisch	cilindrisch
gesproeit	gesproeid
gehoust	gehouset
gevoedt	gevoed
vrozen	vroren
wekflesje	weckflesje
ontdekdt	ontdekt
gekamt	gekamd
julie	Julie
krobia	krobya
uitstekkende	uitstekende
aangeduit	aangeduid
klaargestoomt	klaargestoomd
teruggekeert	teruggekeerd
gespijkert	gespijkerd
uitgestelt	uitgesteld
gestalt	gestald
voorhout	Voorhout
Scandinavie	Scandinavië
geziend	gezien
geassocieert	geassocieerd
geëxporteert	geëxporteerd
opvanglokaties	opvanglocaties
gereduceert	gereduceerd
gesjeest	gesjeesd
gemaakd	gemaakt
jongentjes	jongetjes
geïdentificeerdt	geïdentificeerd
koninginnedag	Koninginnedag
gereedt	gereed
banus	Banus
aërodynamische	aerodynamische
frankenstein	Frankenstein
H2O	H₂O
gescheldt	gescheld
ontmoed	ontmoet
penalty`s	penalty's
prestaiieafspraken	prestatieafspraken
pilske	pilsje
gezeurt	gezeurd
Ijzerbedevaart	IJzerbedevaart
aankun	aankan
dislexie	dyslexie
lokatiebeleid	locatiebeleid
coupé's	coupés
toplokatie	toplocatie
Scandinavia	Scandinavië
gefilmt	gefilmd
gelogt	gelogd
geweigert	geweigerd
achtienjarigen	achttienjarigen
gevraagdt	gevraagd
gewandeldt	gewandeld
salem	Salem
Schaerbeek	Schaarbeek
geschildert	geschilderd
anulair	annulair
geanalyseert	geanalyseerd
gevoetbalt	gevoetbald
gekruisd	gekruist
geëindigdt	geëindigd
geïnspireerdt	geïnspireerd
lawinen	lawines
Europarlementariers	Europarlementariërs
gelasd	gelast
gevreest	gevreesd
gerelateert	gerelateerd
pilotlokaties	pilotlocaties
geminimaliseert	geminimaliseerd
gezorgdt	gezorgd
noordpoolreiziger	Noordpoolreiziger
toeroperator	touroperator
deeltijdsfunctie	deeltijdfunctie
gerunt	gerund
komputerprogramma's	computerprogramma's
geweigerdt	geweigerd
ingelogt	ingelogd
diakonessenhuis	diaconessenhuis
gegroeit	gegroeid
ola	cola
vastgesteldt	vastgesteld
nawijn	Nawijn
poenale	penale
uitgelevert	uitgeleverd
uitgerolt	uitgerold
gebuist	gebuisd
métier	metier
besteet	besteed
gevoerdt	gevoerd
enquète	enquête
gedroomdt	gedroomd
maneuvre	manoeuvre
afleidingsmanouvre	afleidingsmanoeuvre
geloondt	geloond
pdfje	pdf'je
geheiligt	geheiligd
geciteert	geciteerd
geëvolueerdt	geëvolueerd
gestoffeert	gestoffeerd
geduurdt	geduurd
gedachtenstappen	gedachtestappen
geüpdated	geüpdatet
weggegooit	weggegooid
binnengeleidt	binnengeleid
uitgevoert	uitgevoerd
65+er	65+'er
reactie`s	reacties
ontologiën	ontologieën
bestuursrechterlijk	bestuursrechtelijk
gediagnostiseerd	gediagnosticeerd
sovjetregime	Sovjetregime
lawn	Lawn
kanaleneiland	Kanaleneiland
tissen	tussen
toegelegt	toegelegd
bevolkd	bevolkt
uitgegooit	uitgegooid
prakticanten	praktikanten
aangetekent	aangetekend
toegekendt	toegekend
beleidsniveau's	beleidsniveaus
weggelegt	weggelegd
doorgestuurdt	doorgestuurd
gehalveert	gehalveerd
gemund	gemunt
geredt	gered
afgebrandt	afgebrand
geflikkert	geflikkerd
peuterzoont	peuterzoon
broeikasteffect	broeikaseffect
geleent	geleend
gekantelt	gekanteld
jetskiërt	jetskiër
uitleglokaties	uitleglocaties
gepaart	gepaard
aangewent	aangewend
geantwoordt	geantwoord
telastelegging	tenlastelegging
appe`l	appel
koranscholen	Koranscholen
geshowt	geshowd
gecorrigeert	gecorrigeerd
ingescant	ingescand
phytophtora	phytophthora
gedetecteert	gedetecteerd
colokatie	colocatie
geopperdt	geopperd
inkomensniveau's	inkomensniveaus
koelucht	koellucht
deserts	desserts
gegront	gegrond
geleveldt	geleveld
gestapelt	gestapeld
fortis	Fortis
èrg	érg
André's	Andrés
brutus	Brutus
àlles	álles
bijgewoont	bijgewoond
Relatiecadeau's	Relatiecadeaus
geconcentreert	geconcentreerd
toegestaand	toegestaan
geregent	geregend
starterd	starter
kwaliteitsniveau's	kwaliteitsniveaus
geslaagt	geslaagd
vanacht	vannacht
uitgestaldt	uitgestald
ànder	ánder
tevrede	tevreden
gevarieert	gevarieerd
hesseling	Hesseling
gekoppelt	gekoppeld
opgezegt	opgezegd
afgeschafd	afgeschaft
bijlmerramp	Bijlmerramp
geautomatiseert	geautomatiseerd
hapnotherapeut	haptotherapeut
omgebouwdt	omgebouwd
uitgelijndt	uitgelijnd
geoordeelt	geoordeeld
gemailt	gemaild
jerimieerde	jeremieerde
gesmoort	gesmoord
béide	béíde
steenwijk	Steenwijk
geneukd	geneukt
gestoort	gestoord
afgevoert	afgevoerd
geopent	geopend
vermoort	vermoord
clarence	Clarence
gekromt	gekromd
afgereist	afgereisd
geblusd	geblust
manouvreert	manoeuvreert
zèker	zéker
omfloersd	omfloerst
gerusdt	gerust
menskes	mensjes
vastgevrozen	vastgevroren
uitgeholt	uitgehold
manouvre	manoeuvre
Balkenendenorm	balkenendenorm
gelosd	gelost
afschuwlijk	afschuwelijk
gestrandt	gestrand
uitgelegt	uitgelegd
gesmeedt	gesmeed
convooien	konvooien
kamerlidmaatschap	Kamerlidmaatschap
gebouwden	gebouwde
gebrachd	gebracht
getooit	getooid
genoteerdt	genoteerd
blindde	blinde
geaccordeert	geaccordeerd
opgehaalt	opgehaald
geclaimt	geclaimd
teruggestord	teruggestort
gedachtengang	gedachtegang
geniedt	geniet
gefractioneerdt	gefractioneerd
geordonneerdt	geordonneerd
oma`s	oma's
desert	dessert
40+ers	40+'ers
dédain	dedain
huib	Huib
geavanceert	geavanceerd
politiecordon	politiekordon
gepleegt	gepleegd
toplokaties	toplocaties
Ijslandse	IJslandse
ànders	ánders
aangeduidt	aangeduid
afgekeurdt	afgekeurd
geraced	geracet
electriciteitsverbruik	elektriciteitsverbruik
biblebelt	Biblebelt
opgeleit	opgeleid
A5je	A5'je
loofhuttenfeest	Loofhuttenfeest
gezorgt	gezorgd
Nòg	Nóg
geserveert	geserveerd
getrapd	getrapt
opgehaaldt	opgehaald
yakmest	jakmest
nie	niet
bezinestations	benzinestations
gekoppeldt	gekoppeld
kènt	ként
geëxamineerdt	geëxamineerd
nederlandstalige	Nederlandstalige
nagestreeft	nagestreefd
blootgelegt	blootgelegd
ontschot	ontschoot
gerommelt	gerommeld
geluistert	geluisterd
geplaatsd	geplaatst
geconfronteert	geconfronteerd
gerepareert	gerepareerd
geleegt	geleegd
ontrokken	onttrokken
lichtgewichte	lichtgewicht
opgebouwdt	opgebouwd
gerecruteerd	gerekruteerd
caissieres	caissières
halucinerend	hallucinerend
voork	voor
discjockey	diskjockey
Lokaties	Locaties
efteling	Efteling
aangeleert	aangeleerd
toegekent	toegekend
fietskes	fietsjes
afgelopend	afgelopen
wedstijd	wedstrijd
gecruist	gecruiset
afgeremt	afgeremd
geknuffelt	geknuffeld
gespecificeert	gespecificeerd
geformuleerdt	geformuleerd
geïntroduceert	geïntroduceerd
geroert	geroerd
aërosol	aerosol
college's	colleges
besturingsysteem	besturingssysteem
verkleet	verkleed
woonlokatie	woonlocatie
dorpstraat	Dorpstraat
hapnotherapeuten	haptotherapeuten
geveldt	geveld
beschudt	beschut
inbrekert	inbreker
lievende	levende
overheidssubsidiering	overheidssubsidiëring
gekeurt	gekeurd
júist	júíst
Riccò	Ricco
gekolft	gekolfd
practische	praktische
Pvda'er	PvdA'er
geregeert	geregeerd
gegijzelt	gegijzeld
labellen	labelen
meegespeelt	meegespeeld
friese	Friese
siene	sirene
wandspanner	wantspanner
aangeklaagt	aangeklaagd
bouter	bouder
getitelt	getiteld
afgekondigt	afgekondigd
samenwerkingverband	samenwerkingsverband
studentenkorps	studentencorps
Scandinaviers	Scandinaviërs
convooi	konvooi
gehult	gehuld
gekiepert	gekieperd
gewoedt	gewoed
50+er	50+'er
gemakt	gemaakt
Tunesie	Tunesië
diagnostiseren	diagnosticeren
toevalig	toevallig
doorgemeldt	doorgemeld
uitgevaardigt	uitgevaardigd
konijnenburg	Konijnenburg
coulissenlandschappen	coulisselandschappen
overgeschakelt	overgeschakeld
wandspanners	wantspanners
broque	brogue
ontbloodt	ontbloot
gevoert	gevoerd
opgelosdt	opgelost
persentage	percentage
tracé's	tracés
hobby`s	hobby's
verschuren	verscheuren
reclame's	reclames
geraamt	geraamd
móest	móést
gedeblokkeert	gedeblokkeerd
geprobeert	geprobeerd
homohuwlijk	homohuwelijk
Ijsbrand	IJsbrand
onderwij	onderwijs
ècht	écht
bolland	Bolland
gepersd	geperst
uitgeoefent	uitgeoefend
Ijskoude	IJskoude
idols	Idols
gereguleert	gereguleerd
opgedeeldt	opgedeeld
sponsert	sponsort
dienstplichtingen	dienstplichtigen
moskeeen	moskeeën
maneuvreren	manoeuvreren
bubs	bups
gesteldt	gesteld
afgevrozen	afgevroren
gezegt	gezegd
uitgezondert	uitgezonderd
zieleroerselen	zielenroerselen
grondstewardes	grondstewardess
oostbloklanden	Oostbloklanden
gedumpd	gedumpt
aangehaalt	aangehaald
Ijben	IJben
gedompelt	gedompeld
breden	brede
sin	in
babyzitters	babysitters
gesteunt	gesteund
gefreest	gefreesd
gehercalibreerde	geherkalibreerde
gebouwt	gebouwd
reincarnaties	reïncarnaties
accupuncturisten	acupuncturisten
geconfronteerdt	geconfronteerd
madonnabeelden	Madonnabeelden
uitgenodigt	uitgenodigd
getuigeverklaringen	getuigenverklaringen
geaardt	geaard
opgevraagt	opgevraagd
gedupeert	gedupeerd
75+ers	75+'ers
klassejustitie	klassenjustitie
afgeplatten	afgeplatte
kontent	content
rondgebreidt	rondgebreid
afgekoppelt	afgekoppeld
meermaal	meermaals
Ijsbaan	IJsbaan
leiddraad	leidraad
zowieso	sowieso
freestylert	freestyler
teneergeslagen	terneergeslagen
feestlokatie	feestlocatie
gesmokkelt	gesmokkeld
klasses	klassen
bouillabaise	bouillabaisse
bleutooth	bluetooth
weggeëbt	weggeëbd
achtiende	achttiende
uitgepland	uitgeplant
gezindt	gezind
wijdsheid	wijsheid
opgeheldert	opgehelderd
proffessioneel	professioneel
uitgerede	uitgereden
gebauwde	gebouwde
gesynchroniseert	gesynchroniseerd
teneer	terneer
àls	áls
einderonde	eindronde
aberant	aberrant
gejaagdt	gejaagd
geprotesteert	geprotesteerd
gecommiteerd	gecommitteerd
Lokatie	Locatie
plateau's	plateaus
intercalibratie	interkalibratie
opgeschoont	opgeschoond
vereisd	vereist
gecontinueert	gecontinueerd
Hawai	Hawaï
gemartelt	gemarteld
aangedraait	aangedraaid
a.d.h.v	a.d.h.v.
stilgelegt	stilgelegd
toyota	Toyota
vriende	vrienden
geloost	geloosd
Zò	Zó
gepasseerdt	gepasseerd
gedeclareert	gedeclareerd
geheidt	geheid
aangelijnt	aangelijnd
reisbureau's	reisbureaus
opgeleidt	opgeleid
ongever	ongeveer
gepraktizeerd	gepraktiseerd
glooingen	glooiingen
klassediagram	klassendiagram
gelegerdt	gelegerd
uitgevoerdt	uitgevoerd
gesukkelt	gesukkeld
voostel	voorstel
helloweenfeest	halloweenfeest
onmiddelijk	onmiddellijk
gekwalificeert	gekwalificeerd
opgegroeit	opgegroeid
gecensureert	gecensureerd
volkstam	volksstam
geerfd	geërfd
masqué's	masqués
onbesuiste	onbesuisde
halucineren	hallucineren
hiér	híér
manoevreren	manoeuvreren
cylinderinhoud	cilinderinhoud
aanbik	aanblik
gesodemieterdt	gesodemieterd
begrom	gegrom
kayaktocht	kajaktocht
geretourneerdt	geretourneerd
kalfzwezerik	kalfszwezerik
ìn	ín
terwiji	terwijl
spercieboon	sperzieboon
cylinder	cilinder
geschoeidt	geschoeid
gedachtenstrepen	gedachtestrepen
ondergedompelt	ondergedompeld
geschaart	geschaard
tractaat	traktaat
exports	export
gecheckd	gecheckt
Koningrijk	Koninkrijk
annemiek	Annemiek
aïda	Aïda
Ijdel	IJdel
goedgekeurdt	goedgekeurd
reincarnatie	reïncarnatie
heiligheit	heiligheid
gezwaait	gezwaaid
woudbloem	Woudbloem
beheersd	beheerst
gepledt	geplet
teruggemeldt	teruggemeld
auto`s	auto's
genegeert	genegeerd
kerkstraat	Kerkstraat
maïslabyrinth	maïslabyrint
geïnteresseert	geïnteresseerd
accomodaties	accommodaties
vertouwen	vertrouwen
geknaldt	geknald
kostenloos	kosteloos
vervalsd	vervalst
waarschijlijk	waarschijnlijk
huwlijken	huwelijken
practischer	praktischer
gewroedt	gewroet
gedouchd	gedoucht
uitbreidingslokaties	uitbreidingslocaties
uitgeplunderdt	uitgeplunderd
lk	ik
geprogrammeert	geprogrammeerd
ingetekent	ingetekend
òfwel	ófwel
uitgegroeidt	uitgegroeid
opgetrommelt	opgetrommeld
meegelevert	meegeleverd
electriciteitsbedrijf	elektriciteitsbedrijf
lokatiespecifieke	locatiespecifieke
deeltijdsbaan	deeltijdbaan
Denny`s	Denny's
gevingert	gevingerd
uitgeweidt	uitgeweid
geweert	geweerd
opgeruimt	opgeruimd
ingeluidt	ingeluid
booi	boot
calligrafie	kalligrafie
geboeidt	geboeid
rekreatie	recreatie
vastgeklemt	vastgeklemd
geklaart	geklaard
gewaat	gewaad
uitgewoedt	uitgewoed
momt	komt
gecontroleerdt	gecontroleerd
gepresenteert	gepresenteerd
bevrozen	bevroren
gepint	gepind
maseurtje	masseurtje
gekopieerdt	gekopieerd
Ijtsma	IJtsma
prijsniveau's	prijsniveaus
genant	gênant
PVDAer	PVDA'er
Lazio`s	Lazio's
speci	specie
wetenscha	wetenschap
behoet	behoed
Montessorri	Montessori
geadt	geat
gemodificeert	gemodificeerd
vervuren	Vervuren
gevolgdt	gevolgd
bijgeschaaft	bijgeschaafd
moskeet	moskee
kokus	kokos
bijgelegt	bijgelegd
drap	drab
gemanoevreerd	gemanoeuvreerd
ontplooiien	ontplooien
manouvreerruimte	manoeuvreerruimte
n.v.d.r	n.v.d.r.
Ijmuiden	IJmuiden
geupgraded	geüpgraded
geforceert	geforceerd
electrische	elektrische
bordspellen	bordspelen
kamerlid	Kamerlid
gehuisvesd	gehuisvest
gedemonteert	gedemonteerd
interveniëerde	intervenieerde
geringt	geringd
verkiezings	verkiezing
bondsdagverkiezingen	Bondsdagverkiezingen
gehaalt	gehaald
ruiterskorps	ruiterkorps
aangespoelt	aangespoeld
zééér	zéér
attache	attaché
geadopteert	geadopteerd
café's	cafés
gedachtengangen	gedachtegangen
opgeoffert	opgeofferd
opgewarmt	opgewarmd
afgezegt	afgezegd
geretourneert	geretourneerd
ingebouwt	ingebouwd
taand	taant
strofenvorm	strofevorm
òm	óm
gemundt	gemunt
verblijfsaccomodatie	verblijfsaccommodatie
gastouderbureau's	gastouderbureaus
glazend	glanzend
ezelsproces	Ezelsproces
gebelt	gebeld
verlosd	verlost
geërft	geërfd
geanimeerdt	geanimeerd
sempel	stempel
maria	Maria
septer	scepter
presidentsschap	presidentschap
verzende	verzenden
telefoonsgegevens	telefoongegevens
Helloween	Halloween
crepezool	crêpezool
spercieboontjes	sperzieboontjes
uitgavepatroon	uitgavenpatroon
Bijiagen	Bijlagen
deeltijdsbanen	deeltijdbanen
identifceren	identificeren
getrakteert	getrakteerd
geabsorbeert	geabsorbeerd
bolsjevistische	bolsjewistische
geamuseerdt	geamuseerd
gehandhaaft	gehandhaafd
etage's	etages
gesneeuwt	gesneeuwd
roodbol	Roodbol
doodgebloedt	doodgebloed
aangeschafd	aangeschaft
ingediendt	ingediend
aangerandt	aangerand
geamuseert	geamuseerd
gelocaliseerd	gelokaliseerd
Nusta	Ñusta
gecoördineerdt	gecoördineerd
geloodsd	geloodst
gevolgt	gevolgd
Europarlementarier	Europarlementariër
transscriptiefactor	transcriptiefactor
gecoachd	gecoacht
uitgerekent	uitgerekend
geflikkerdt	geflikkerd
gerodeerdt	gerodeerd
tègen	tégen
gehalveerdt	gehalveerd
torend	torent
uitgedraait	uitgedraaid
afgebakent	afgebakend
losgekoppelt	losgekoppeld
rechtzitting	rechtszitting
verwachd	verwacht
cylinders	cilinders
afgedroogt	afgedroogd
gebaldt	gebald
baby`s	baby's
dil	dit
aanrijdtijden	aanrijdtijden
